Ac-223,2.10m,alpha,gamma,monoenergetic_electron,xray,
Ac-224,2.78h,alpha,gamma,monoenergetic_electron,xray,
Ac-225,10.0d,alpha,gamma,monoenergetic_electron,xray,
Ac-226,29.37h,alpha,beta,gamma,monoenergetic_electron,xray
Ac-227,21.772y,alpha,beta,gamma,monoenergetic_electron,xray
Ac-228,6.15h,beta,gamma,monoenergetic_electron,xray,
Ac-230,122s,beta,gamma,monoenergetic_electron,xray,
Ac-231,7.5m,beta,gamma,monoenergetic_electron,xray,
Ac-232,119s,beta,gamma,monoenergetic_electron,xray,
Ac-233,145s,beta,gamma,monoenergetic_electron,xray,
Ag-100m,2.24m,gamma,monoenergetic_electron,positron,xray,
Ag-101,11.1m,gamma,monoenergetic_electron,positron,xray,
Ag-102,12.9m,gamma,monoenergetic_electron,positron,xray,
Ag-102m,7.7m,gamma,monoenergetic_electron,positron,xray,
Ag-103,65.7m,gamma,monoenergetic_electron,positron,xray,
Ag-104,69.2m,gamma,monoenergetic_electron,positron,xray,
Ag-104m,33.5m,gamma,monoenergetic_electron,positron,xray,
Ag-105,41.29d,gamma,monoenergetic_electron,xray,,
Ag-105m,7.23m,gamma,monoenergetic_electron,positron,xray,
Ag-106,23.96m,beta,gamma,monoenergetic_electron,positron,xray
Ag-106m,8.28d,gamma,monoenergetic_electron,xray,,
Ag-108,2.37m,beta,gamma,monoenergetic_electron,positron,xray
Ag-108m,418y,gamma,monoenergetic_electron,xray,,
Ag-109m,39.6s,gamma,monoenergetic_electron,xray,,
Ag-110,24.6s,beta,gamma,monoenergetic_electron,xray,
Ag-110m,249.76d,beta,gamma,monoenergetic_electron,xray,
Ag-111,7.45d,beta,gamma,monoenergetic_electron,xray,
Ag-111m,64.8s,beta,gamma,monoenergetic_electron,xray,
Ag-112,3.130h,beta,gamma,monoenergetic_electron,xray,
Ag-113,5.37h,beta,gamma,monoenergetic_electron,xray,
Ag-113m,68.7s,beta,gamma,monoenergetic_electron,xray,
Ag-114,4.6s,beta,gamma,monoenergetic_electron,xray,
Ag-115,20.0m,beta,gamma,monoenergetic_electron,xray,
Ag-116,2.68m,beta,gamma,monoenergetic_electron,xray,
Ag-117,73.6s,beta,gamma,monoenergetic_electron,xray,
Ag-99,124s,gamma,monoenergetic_electron,positron,xray,
Al-26,7.17E+5y,gamma,monoenergetic_electron,positron,xray,
Al-28,2.2414m,beta,gamma,monoenergetic_electron,xray,
Al-29,6.56m,beta,gamma,monoenergetic_electron,xray,
Am-237,73.0m,alpha,gamma,monoenergetic_electron,xray,
Am-238,98m,alpha,gamma,monoenergetic_electron,positron,xray
Am-239,11.9h,alpha,gamma,monoenergetic_electron,xray,
Am-240,50.8h,alpha,gamma,monoenergetic_electron,xray,
Am-241,432.2y,alpha,gamma,monoenergetic_electron,xray,
Am-242,16.02h,beta,gamma,monoenergetic_electron,xray,
Am-242m,141y,alpha,gamma,monoenergetic_electron,xray,
Am-243,7.37E+3y,alpha,gamma,monoenergetic_electron,xray,
Am-244,10.1h,beta,gamma,monoenergetic_electron,xray,
Am-244m,26m,beta,gamma,monoenergetic_electron,xray,
Am-245,2.05h,beta,gamma,monoenergetic_electron,xray,
Am-246,39m,beta,gamma,monoenergetic_electron,xray,
Am-246m,25.0m,beta,gamma,monoenergetic_electron,xray,
Am-247,23.0m,beta,gamma,monoenergetic_electron,xray,
Ar-37,35.04d,monoenergetic_electron,xray,,,
Ar-39,269y,beta,,,,
Ar-41,109.61m,beta,gamma,monoenergetic_electron,xray,
Ar-42,32.9y,beta,,,,
Ar-43,5.37m,beta,gamma,monoenergetic_electron,xray,
Ar-44,11.87m,beta,gamma,monoenergetic_electron,xray,
As-68,151.6s,gamma,monoenergetic_electron,positron,xray,
As-69,15.23m,gamma,monoenergetic_electron,positron,xray,
As-70,52.6m,gamma,monoenergetic_electron,positron,xray,
As-71,65.28h,gamma,monoenergetic_electron,positron,xray,
As-72,26.0h,gamma,monoenergetic_electron,positron,xray,
As-73,80.30d,gamma,monoenergetic_electron,xray,,
As-74,17.77d,beta,gamma,monoenergetic_electron,positron,xray
As-76,1.0778d,beta,gamma,monoenergetic_electron,xray,
As-77,38.83h,beta,gamma,monoenergetic_electron,xray,
As-78,90.7m,beta,gamma,monoenergetic_electron,xray,
As-79,9.01m,beta,gamma,monoenergetic_electron,xray,
At-204,9.2m,alpha,gamma,monoenergetic_electron,positron,xray
At-205,26.2m,alpha,gamma,monoenergetic_electron,positron,xray
At-206,30.6m,alpha,gamma,monoenergetic_electron,positron,xray
At-207,1.80h,alpha,gamma,monoenergetic_electron,positron,xray
At-208,1.63h,alpha,gamma,monoenergetic_electron,positron,xray
At-209,5.41h,alpha,gamma,monoenergetic_electron,positron,xray
At-210,8.1h,alpha,gamma,monoenergetic_electron,positron,xray
At-211,7.214h,alpha,gamma,monoenergetic_electron,xray,
At-215,1.00E-4s,alpha,gamma,monoenergetic_electron,xray,
At-216,3.00E-4s,alpha,gamma,monoenergetic_electron,xray,
At-217,3.23E-2s,alpha,gamma,monoenergetic_electron,xray,
At-218,1.5s,alpha,beta,,,
At-219,56s,alpha,,,,
At-220,3.71m,alpha,beta,gamma,monoenergetic_electron,xray
Au-186,10.7m,gamma,monoenergetic_electron,positron,xray,
Au-187,8.4m,alpha,gamma,monoenergetic_electron,positron,xray
Au-190,42.8m,gamma,monoenergetic_electron,positron,xray,
Au-191,3.18h,gamma,monoenergetic_electron,positron,xray,
Au-192,4.94h,gamma,monoenergetic_electron,positron,xray,
Au-193,17.65h,gamma,monoenergetic_electron,xray,,
Au-193m,3.9s,gamma,monoenergetic_electron,xray,,
Au-194,38.02h,gamma,monoenergetic_electron,positron,xray,
Au-195,186.098d,gamma,monoenergetic_electron,xray,,
Au-195m,30.5s,gamma,monoenergetic_electron,xray,,
Au-196,6.183d,beta,gamma,monoenergetic_electron,xray,
Au-196m,9.6h,gamma,monoenergetic_electron,xray,,
Au-198,2.69517d,beta,gamma,monoenergetic_electron,xray,
Au-198m,2.27d,gamma,monoenergetic_electron,xray,,
Au-199,3.139d,beta,gamma,monoenergetic_electron,xray,
Au-200,48.4m,beta,gamma,monoenergetic_electron,xray,
Au-200m,18.7h,beta,gamma,monoenergetic_electron,xray,
Au-201,26m,beta,gamma,monoenergetic_electron,xray,
Au-202,28.8s,beta,gamma,monoenergetic_electron,xray,
Ba-124,11.0m,gamma,monoenergetic_electron,positron,xray,
Ba-126,100m,gamma,monoenergetic_electron,positron,xray,
Ba-127,12.7m,gamma,monoenergetic_electron,positron,xray,
Ba-128,2.43d,gamma,monoenergetic_electron,xray,,
Ba-129,2.23h,gamma,monoenergetic_electron,positron,xray,
Ba-129m,2.16h,gamma,monoenergetic_electron,positron,xray,
Ba-131,11.50d,gamma,monoenergetic_electron,xray,,
Ba-131m,14.6m,gamma,monoenergetic_electron,xray,,
Ba-133,10.52y,gamma,monoenergetic_electron,xray,,
Ba-133m,38.9h,gamma,monoenergetic_electron,xray,,
Ba-135m,28.7h,gamma,monoenergetic_electron,xray,,
Ba-137m,2.552m,gamma,monoenergetic_electron,xray,,
Ba-139,83.06m,beta,gamma,monoenergetic_electron,xray,
Ba-140,12.752d,beta,gamma,monoenergetic_electron,xray,
Ba-141,18.27m,beta,gamma,monoenergetic_electron,xray,
Ba-142,10.6m,beta,gamma,monoenergetic_electron,xray,
Be-10,1.51E+6y,beta,,,,
Be-7,53.22d,gamma,monoenergetic_electron,,,
Bi-197,9.3m,gamma,monoenergetic_electron,positron,xray,
Bi-200,36.4m,gamma,monoenergetic_electron,positron,xray,
Bi-201,108m,gamma,monoenergetic_electron,positron,xray,
Bi-202,1.72h,gamma,monoenergetic_electron,positron,xray,
Bi-203,11.76h,gamma,monoenergetic_electron,positron,xray,
Bi-204,11.22h,gamma,monoenergetic_electron,positron,xray,
Bi-205,15.31d,gamma,monoenergetic_electron,positron,xray,
Bi-206,6.243d,gamma,monoenergetic_electron,positron,xray,
Bi-207,32.9y,gamma,monoenergetic_electron,positron,xray,
Bi-208,3.68E+5y,gamma,monoenergetic_electron,xray,,
Bi-210,5.013d,alpha,beta,gamma,monoenergetic_electron,xray
Bi-210m,3.04E+6y,alpha,gamma,monoenergetic_electron,xray,
Bi-211,2.14m,alpha,beta,gamma,monoenergetic_electron,xray
Bi-212,60.55m,alpha,beta,gamma,monoenergetic_electron,xray
Bi-212n,7.0m,beta,,,,
Bi-213,45.59m,alpha,beta,gamma,monoenergetic_electron,xray
Bi-214,19.9m,alpha,beta,gamma,monoenergetic_electron,xray
Bi-215,7.6m,beta,gamma,monoenergetic_electron,xray,
Bi-216,2.17m,beta,gamma,monoenergetic_electron,xray,
Bk-245,4.94d,alpha,gamma,monoenergetic_electron,xray,
Bk-246,1.80d,gamma,monoenergetic_electron,xray,,
Bk-247,1.38E+3y,alpha,gamma,monoenergetic_electron,xray,
Bk-248m,23.7h,beta,gamma,monoenergetic_electron,xray,
Bk-249,330d,alpha,beta,gamma,monoenergetic_electron,xray
Bk-250,3.212h,beta,gamma,monoenergetic_electron,xray,
Bk-251,55.6m,beta,gamma,monoenergetic_electron,xray,
Br-72,78.6s,gamma,monoenergetic_electron,positron,xray,
Br-73,3.4m,gamma,monoenergetic_electron,positron,xray,
Br-74,25.4m,gamma,monoenergetic_electron,positron,xray,
Br-74m,46m,gamma,monoenergetic_electron,positron,xray,
Br-75,96.7m,gamma,monoenergetic_electron,positron,xray,
Br-76,16.2h,gamma,monoenergetic_electron,positron,xray,
Br-76m,1.31s,gamma,monoenergetic_electron,positron,xray,
Br-77,57.036h,gamma,monoenergetic_electron,positron,xray,
Br-77m,4.28m,gamma,monoenergetic_electron,xray,,
Br-78,6.46m,beta,gamma,monoenergetic_electron,positron,xray
Br-80,17.68m,beta,gamma,monoenergetic_electron,positron,xray
Br-80m,4.4205h,gamma,monoenergetic_electron,xray,,
Br-82,35.30h,beta,gamma,monoenergetic_electron,xray,
Br-82m,6.13m,beta,gamma,monoenergetic_electron,xray,
Br-83,2.40h,beta,gamma,monoenergetic_electron,xray,
Br-84,31.80m,beta,gamma,monoenergetic_electron,xray,
Br-84m,6.0m,beta,gamma,monoenergetic_electron,xray,
Br-85,2.90m,beta,gamma,monoenergetic_electron,xray,
C-10,19.255s,gamma,monoenergetic_electron,positron,,
C-11,20.39m,gamma,positron,,,
C-14,5.70E+3y,beta,,,,
Ca-41,1.02E+5y,monoenergetic_electron,xray,,,
Ca-45,162.67d,beta,gamma,monoenergetic_electron,xray,
Ca-47,4.536d,beta,gamma,monoenergetic_electron,xray,
Ca-49,8.718m,beta,gamma,monoenergetic_electron,xray,
Cd-101,1.36m,gamma,monoenergetic_electron,positron,xray,
Cd-102,5.5m,gamma,monoenergetic_electron,positron,xray,
Cd-103,7.3m,gamma,monoenergetic_electron,positron,xray,
Cd-104,57.7m,gamma,monoenergetic_electron,xray,,
Cd-105,55.5m,gamma,monoenergetic_electron,positron,xray,
Cd-107,6.50h,gamma,monoenergetic_electron,positron,xray,
Cd-109,461.4d,gamma,monoenergetic_electron,xray,,
Cd-111m,48.50m,gamma,monoenergetic_electron,xray,,
Cd-113,7.7E+15y,beta,,,,
Cd-113m,14.1y,beta,gamma,monoenergetic_electron,xray,
Cd-115,53.46h,beta,gamma,monoenergetic_electron,xray,
Cd-115m,44.6d,beta,gamma,monoenergetic_electron,xray,
Cd-117,2.49h,beta,gamma,monoenergetic_electron,xray,
Cd-117m,3.36h,beta,gamma,monoenergetic_electron,xray,
Cd-118,50.3m,beta,,,,
Cd-119,2.69m,beta,gamma,monoenergetic_electron,xray,
Cd-119m,2.20m,beta,gamma,monoenergetic_electron,xray,
Ce-130,22.9m,gamma,monoenergetic_electron,positron,xray,
Ce-131,10.2m,gamma,monoenergetic_electron,positron,xray,
Ce-132,3.51h,gamma,monoenergetic_electron,xray,,
Ce-133,97m,gamma,monoenergetic_electron,positron,xray,
Ce-133m,4.9h,gamma,monoenergetic_electron,positron,xray,
Ce-134,3.16d,gamma,monoenergetic_electron,xray,,
Ce-135,17.7h,gamma,monoenergetic_electron,positron,xray,
Ce-137,9.0h,gamma,monoenergetic_electron,positron,xray,
Ce-137m,34.4h,gamma,monoenergetic_electron,xray,,
Ce-139,137.641d,gamma,monoenergetic_electron,xray,,
Ce-141,32.508d,beta,gamma,monoenergetic_electron,xray,
Ce-143,33.039h,beta,gamma,monoenergetic_electron,xray,
Ce-144,284.91d,beta,gamma,monoenergetic_electron,xray,
Ce-145,3.01m,beta,gamma,monoenergetic_electron,xray,
Cf-244,19.4m,alpha,gamma,monoenergetic_electron,xray,
Cf-246,35.7h,alpha,gamma,monoenergetic_electron,xray,
Cf-247,3.11h,alpha,gamma,monoenergetic_electron,xray,
Cf-248,334d,alpha,gamma,monoenergetic_electron,xray,
Cf-249,351y,alpha,gamma,monoenergetic_electron,xray,
Cf-250,13.08y,alpha,gamma,monoenergetic_electron,xray,
Cf-251,900y,alpha,gamma,monoenergetic_electron,xray,
Cf-252,2.645y,alpha,gamma,monoenergetic_electron,xray,
Cf-253,17.81d,alpha,beta,gamma,monoenergetic_electron,xray
Cf-254,60.5d,alpha,gamma,monoenergetic_electron,xray,
Cf-255,85m,beta,,,,
Cl-34,1.5264s,gamma,monoenergetic_electron,positron,xray,
Cl-34m,32.00m,gamma,monoenergetic_electron,positron,xray,
Cl-36,3.01E+5y,beta,gamma,monoenergetic_electron,positron,xray
Cl-38,37.24m,beta,gamma,monoenergetic_electron,xray,
Cl-39,55.6m,beta,gamma,monoenergetic_electron,xray,
Cl-40,1.35m,beta,gamma,monoenergetic_electron,xray,
Cm-238,2.4h,alpha,gamma,monoenergetic_electron,xray,
Cm-239,2.9h,gamma,monoenergetic_electron,positron,xray,
Cm-240,27d,alpha,gamma,monoenergetic_electron,xray,
Cm-241,32.8d,alpha,gamma,monoenergetic_electron,xray,
Cm-242,162.8d,alpha,gamma,monoenergetic_electron,xray,
Cm-243,29.1y,alpha,gamma,monoenergetic_electron,xray,
Cm-244,18.10y,alpha,gamma,monoenergetic_electron,xray,
Cm-245,8.5E+3y,alpha,gamma,monoenergetic_electron,xray,
Cm-246,4.76E+3y,alpha,gamma,monoenergetic_electron,xray,
Cm-247,1.56E+7y,alpha,gamma,monoenergetic_electron,xray,
Cm-248,3.48E+5y,alpha,gamma,monoenergetic_electron,xray,
Cm-249,64.15m,beta,gamma,monoenergetic_electron,xray,
Cm-250,8300y,alpha,beta,gamma,monoenergetic_electron,xray
Cm-251,16.8m,beta,gamma,monoenergetic_electron,xray,
Co-54m,1.48m,gamma,monoenergetic_electron,positron,xray,
Co-55,17.53h,gamma,monoenergetic_electron,positron,xray,
Co-56,77.23d,gamma,monoenergetic_electron,positron,xray,
Co-57,271.74d,gamma,monoenergetic_electron,xray,,
Co-58,70.86d,gamma,monoenergetic_electron,positron,xray,
Co-58m,9.04h,gamma,monoenergetic_electron,xray,,
Co-60,5.2713y,beta,gamma,monoenergetic_electron,xray,
Co-60m,10.467m,beta,gamma,monoenergetic_electron,xray,
Co-61,1.650h,beta,gamma,monoenergetic_electron,xray,
Co-62,1.50m,beta,gamma,monoenergetic_electron,xray,
Co-62m,13.91m,beta,gamma,monoenergetic_electron,xray,
Cr-48,21.56h,gamma,monoenergetic_electron,positron,xray,
Cr-49,42.3m,gamma,monoenergetic_electron,positron,xray,
Cr-51,27.7025d,gamma,monoenergetic_electron,xray,,
Cr-55,3.497m,beta,gamma,monoenergetic_electron,xray,
Cr-56,5.94m,beta,gamma,monoenergetic_electron,xray,
Cs-121,155s,gamma,monoenergetic_electron,positron,xray,
Cs-121m,122s,gamma,monoenergetic_electron,positron,xray,
Cs-123,5.88m,gamma,monoenergetic_electron,positron,xray,
Cs-124,30.8s,gamma,monoenergetic_electron,positron,xray,
Cs-125,45m,gamma,monoenergetic_electron,positron,xray,
Cs-126,1.64m,gamma,monoenergetic_electron,positron,xray,
Cs-127,6.25h,gamma,monoenergetic_electron,positron,xray,
Cs-128,3.640m,gamma,monoenergetic_electron,positron,xray,
Cs-129,32.06h,gamma,monoenergetic_electron,positron,xray,
Cs-130,29.21m,beta,gamma,monoenergetic_electron,positron,xray
Cs-130m,3.46m,gamma,monoenergetic_electron,xray,,
Cs-131,9.689d,monoenergetic_electron,xray,,,
Cs-132,6.479d,beta,gamma,monoenergetic_electron,positron,xray
Cs-134,2.0648y,beta,gamma,monoenergetic_electron,xray,
Cs-134m,2.903h,gamma,monoenergetic_electron,xray,,
Cs-135,2.3E+6y,beta,,,,
Cs-135m,53m,gamma,monoenergetic_electron,xray,,
Cs-136,13.16d,beta,gamma,monoenergetic_electron,xray,
Cs-137,30.1671y,beta,gamma,monoenergetic_electron,xray,
Cs-138,33.41m,beta,gamma,monoenergetic_electron,xray,
Cs-138m,2.91m,beta,gamma,monoenergetic_electron,xray,
Cs-139,9.27m,beta,gamma,monoenergetic_electron,xray,
Cs-140,63.7s,beta,gamma,monoenergetic_electron,xray,
Cu-57,0.1963s,gamma,monoenergetic_electron,positron,xray,
Cu-59,81.5s,gamma,monoenergetic_electron,positron,xray,
Cu-60,23.7m,gamma,monoenergetic_electron,positron,xray,
Cu-61,3.333h,gamma,monoenergetic_electron,positron,xray,
Cu-62,9.673m,gamma,monoenergetic_electron,positron,xray,
Cu-64,12.700h,beta,gamma,monoenergetic_electron,positron,xray
Cu-66,5.120m,beta,gamma,monoenergetic_electron,xray,
Cu-67,61.83h,beta,gamma,monoenergetic_electron,xray,
Cu-69,2.85m,beta,gamma,monoenergetic_electron,xray,
Dy-148,3.3m,gamma,monoenergetic_electron,positron,xray,
Dy-149,4.20m,gamma,monoenergetic_electron,positron,xray,
Dy-150,7.17m,alpha,gamma,monoenergetic_electron,positron,xray
Dy-151,17.9m,alpha,gamma,monoenergetic_electron,positron,xray
Dy-152,2.38h,alpha,gamma,monoenergetic_electron,xray,
Dy-153,6.4h,alpha,gamma,monoenergetic_electron,positron,xray
Dy-154,3.0E+6y,alpha,,,,
Dy-155,9.9h,gamma,monoenergetic_electron,positron,xray,
Dy-157,8.14h,gamma,monoenergetic_electron,xray,,
Dy-159,144.4d,gamma,monoenergetic_electron,xray,,
Dy-165,2.334h,beta,gamma,monoenergetic_electron,xray,
Dy-165m,1.257m,beta,gamma,monoenergetic_electron,xray,
Dy-166,81.6h,beta,gamma,monoenergetic_electron,xray,
Dy-167,6.20m,beta,gamma,monoenergetic_electron,xray,
Dy-168,8.7m,beta,gamma,monoenergetic_electron,xray,
Er-154,3.73m,alpha,gamma,monoenergetic_electron,positron,xray
Er-156,19.5m,gamma,monoenergetic_electron,xray,,
Er-159,36m,gamma,monoenergetic_electron,positron,xray,
Er-161,3.21h,gamma,monoenergetic_electron,positron,xray,
Er-163,75.0m,gamma,monoenergetic_electron,positron,xray,
Er-165,10.36h,monoenergetic_electron,xray,,,
Er-167m,2.269s,gamma,monoenergetic_electron,xray,,
Er-169,9.40d,beta,gamma,monoenergetic_electron,xray,
Er-171,7.516h,beta,gamma,monoenergetic_electron,xray,
Er-172,49.3h,beta,gamma,monoenergetic_electron,xray,
Er-173,1.434m,beta,gamma,monoenergetic_electron,xray,
Es-249,102.2m,alpha,gamma,monoenergetic_electron,positron,xray
Es-250,8.6h,gamma,monoenergetic_electron,xray,,
Es-250m,2.22h,gamma,monoenergetic_electron,positron,xray,
Es-251,33h,alpha,gamma,monoenergetic_electron,xray,
Es-253,20.47d,alpha,gamma,monoenergetic_electron,xray,
Es-254,275.7d,alpha,gamma,monoenergetic_electron,xray,
Es-254m,39.3h,alpha,beta,gamma,monoenergetic_electron,xray
Es-255,39.8d,alpha,beta,,,
Es-256,25.4m,beta,gamma,monoenergetic_electron,xray,
Eu-142,2.34s,gamma,monoenergetic_electron,positron,xray,
Eu-142m,1.223m,gamma,monoenergetic_electron,positron,xray,
Eu-143,2.59m,gamma,monoenergetic_electron,positron,xray,
Eu-144,10.2s,gamma,monoenergetic_electron,positron,xray,
Eu-145,5.93d,gamma,monoenergetic_electron,positron,xray,
Eu-146,4.61d,gamma,monoenergetic_electron,positron,xray,
Eu-147,24.1d,alpha,gamma,monoenergetic_electron,positron,xray
Eu-148,54.5d,alpha,gamma,monoenergetic_electron,positron,xray
Eu-149,93.1d,gamma,monoenergetic_electron,xray,,
Eu-150,36.9y,gamma,monoenergetic_electron,positron,xray,
Eu-150m,12.8h,beta,gamma,monoenergetic_electron,positron,xray
Eu-152,13.537y,beta,gamma,monoenergetic_electron,positron,xray
Eu-152m,9.3116h,beta,gamma,monoenergetic_electron,positron,xray
Eu-152n,96m,gamma,monoenergetic_electron,xray,,
Eu-154,8.593y,beta,gamma,monoenergetic_electron,xray,
Eu-154m,46.0m,gamma,monoenergetic_electron,xray,,
Eu-155,4.7611y,beta,gamma,monoenergetic_electron,xray,
Eu-156,15.19d,beta,gamma,monoenergetic_electron,xray,
Eu-157,15.18h,beta,gamma,monoenergetic_electron,xray,
Eu-158,45.9m,beta,gamma,monoenergetic_electron,xray,
Eu-159,18.1m,beta,gamma,monoenergetic_electron,xray,
F-17,64.49s,gamma,monoenergetic_electron,positron,,
F-18,109.77m,gamma,positron,,,
Fe-52,8.275h,gamma,monoenergetic_electron,positron,xray,
Fe-53,8.51m,gamma,monoenergetic_electron,positron,xray,
Fe-53m,2.526m,gamma,monoenergetic_electron,xray,,
Fe-55,2.737y,gamma,monoenergetic_electron,xray,,
Fe-59,44.495d,beta,gamma,monoenergetic_electron,xray,
Fe-60,1.5E+6y,beta,,,,
Fe-61,5.98m,beta,gamma,monoenergetic_electron,xray,
Fe-62,68s,beta,gamma,monoenergetic_electron,xray,
Fm-251,5.30h,alpha,gamma,monoenergetic_electron,positron,xray
Fm-252,25.39h,alpha,gamma,monoenergetic_electron,xray,
Fm-253,3.00d,alpha,gamma,monoenergetic_electron,xray,
Fm-254,3.240h,alpha,gamma,monoenergetic_electron,xray,
Fm-255,20.07h,alpha,gamma,monoenergetic_electron,xray,
Fm-256,157.6m,alpha,gamma,monoenergetic_electron,xray,
Fm-257,100.5d,alpha,gamma,monoenergetic_electron,xray,
Fr-212,20.0m,alpha,gamma,monoenergetic_electron,positron,xray
Fr-219,2.0E-2s,alpha,gamma,monoenergetic_electron,xray,
Fr-220,27.4s,alpha,beta,gamma,monoenergetic_electron,xray
Fr-221,4.9m,alpha,gamma,monoenergetic_electron,xray,
Fr-222,14.2m,beta,gamma,monoenergetic_electron,xray,
Fr-223,22.00m,alpha,beta,gamma,monoenergetic_electron,xray
Fr-224,3.33m,beta,gamma,monoenergetic_electron,xray,
Fr-227,2.47m,beta,gamma,monoenergetic_electron,xray,
Ga-64,2.627m,gamma,monoenergetic_electron,positron,xray,
Ga-65,15.2m,gamma,monoenergetic_electron,positron,xray,
Ga-66,9.49h,gamma,monoenergetic_electron,positron,xray,
Ga-67,3.2612d,gamma,monoenergetic_electron,xray,,
Ga-68,67.71m,gamma,monoenergetic_electron,positron,xray,
Ga-70,21.14m,beta,gamma,monoenergetic_electron,xray,
Ga-72,14.10h,beta,gamma,monoenergetic_electron,xray,
Ga-73,4.86h,beta,gamma,monoenergetic_electron,xray,
Ga-74,8.12m,beta,gamma,monoenergetic_electron,xray,
Gd-142,70.2s,gamma,monoenergetic_electron,positron,xray,
Gd-143m,110.0s,gamma,monoenergetic_electron,positron,xray,
Gd-144,4.47m,gamma,monoenergetic_electron,positron,xray,
Gd-145,23.0m,gamma,monoenergetic_electron,positron,xray,
Gd-145m,85s,gamma,monoenergetic_electron,positron,xray,
Gd-146,48.27d,gamma,monoenergetic_electron,xray,,
Gd-147,38.1h,gamma,monoenergetic_electron,positron,xray,
Gd-148,74.6y,alpha,,,,
Gd-149,9.28d,gamma,monoenergetic_electron,positron,xray,
Gd-150,1.79E+6y,alpha,,,,
Gd-151,124d,alpha,gamma,monoenergetic_electron,xray,
Gd-152,1.08E+14y,alpha,,,,
Gd-153,240.4d,gamma,monoenergetic_electron,xray,,
Gd-159,18.479h,beta,gamma,monoenergetic_electron,xray,
Gd-162,8.4m,beta,gamma,monoenergetic_electron,xray,
Ge-66,2.26h,gamma,monoenergetic_electron,positron,xray,
Ge-67,18.9m,gamma,monoenergetic_electron,positron,xray,
Ge-68,270.95d,monoenergetic_electron,xray,,,
Ge-69,39.05h,gamma,monoenergetic_electron,positron,xray,
Ge-71,11.43d,monoenergetic_electron,xray,,,
Ge-75,82.78m,beta,gamma,monoenergetic_electron,xray,
Ge-77,11.30h,beta,gamma,monoenergetic_electron,xray,
Ge-78,88m,beta,gamma,monoenergetic_electron,xray,
H-3,12.32y,beta,,,,
Hf-167,2.05m,gamma,monoenergetic_electron,positron,xray,
Hf-169,3.24m,gamma,monoenergetic_electron,positron,xray,
Hf-170,16.01h,gamma,monoenergetic_electron,xray,,
Hf-172,1.87y,gamma,monoenergetic_electron,xray,,
Hf-173,23.6h,gamma,monoenergetic_electron,positron,xray,
Hf-174,2.0E+15y,alpha,,,,
Hf-175,70d,gamma,monoenergetic_electron,xray,,
Hf-177m,51.4m,gamma,monoenergetic_electron,xray,,
Hf-178m,31y,gamma,monoenergetic_electron,xray,,
Hf-179m,25.05d,gamma,monoenergetic_electron,xray,,
Hf-180m,5.5h,beta,gamma,monoenergetic_electron,xray,
Hf-181,42.39d,beta,gamma,monoenergetic_electron,xray,
Hf-182,9E+6y,beta,gamma,monoenergetic_electron,xray,
Hf-182m,61.5m,beta,gamma,monoenergetic_electron,xray,
Hf-183,1.067h,beta,gamma,monoenergetic_electron,xray,
Hf-184,4.12h,beta,gamma,monoenergetic_electron,xray,
Hg-190,20.0m,gamma,monoenergetic_electron,positron,xray,
Hg-191m,50.8m,gamma,monoenergetic_electron,positron,xray,
Hg-192,4.85h,gamma,monoenergetic_electron,xray,,
Hg-193,3.80h,gamma,monoenergetic_electron,positron,xray,
Hg-193m,11.8h,gamma,monoenergetic_electron,positron,xray,
Hg-194,440y,monoenergetic_electron,xray,,,
Hg-195,10.53h,gamma,monoenergetic_electron,positron,xray,
Hg-195m,41.6h,gamma,monoenergetic_electron,positron,xray,
Hg-197,64.94h,gamma,monoenergetic_electron,xray,,
Hg-197m,23.8h,gamma,monoenergetic_electron,xray,,
Hg-199m,42.66m,gamma,monoenergetic_electron,xray,,
Hg-203,46.612d,beta,gamma,monoenergetic_electron,xray,
Hg-205,5.2m,beta,gamma,monoenergetic_electron,xray,
Hg-206,8.15m,beta,gamma,monoenergetic_electron,xray,
Hg-207,2.9m,beta,gamma,monoenergetic_electron,xray,
Ho-150,76.8s,gamma,monoenergetic_electron,positron,xray,
Ho-153,2.01m,alpha,gamma,monoenergetic_electron,positron,xray
Ho-153m,9.3m,alpha,gamma,monoenergetic_electron,positron,xray
Ho-154,11.76m,alpha,gamma,monoenergetic_electron,positron,xray
Ho-154m,3.10m,alpha,gamma,monoenergetic_electron,positron,xray
Ho-155,48m,gamma,monoenergetic_electron,positron,xray,
Ho-156,56m,gamma,monoenergetic_electron,positron,xray,
Ho-157,12.6m,gamma,monoenergetic_electron,positron,xray,
Ho-159,33.05m,gamma,monoenergetic_electron,positron,xray,
Ho-160,25.6m,gamma,monoenergetic_electron,positron,xray,
Ho-161,2.48h,gamma,monoenergetic_electron,xray,,
Ho-162,15.0m,gamma,monoenergetic_electron,positron,xray,
Ho-162m,67.0m,gamma,monoenergetic_electron,positron,xray,
Ho-163,4570y,monoenergetic_electron,xray,,,
Ho-164,29m,beta,gamma,monoenergetic_electron,xray,
Ho-164m,38.0m,gamma,monoenergetic_electron,xray,,
Ho-166,26.80h,beta,gamma,monoenergetic_electron,xray,
Ho-166m,1.20E+3y,beta,gamma,monoenergetic_electron,xray,
Ho-167,3.1h,beta,gamma,monoenergetic_electron,xray,
Ho-168,2.99m,beta,gamma,monoenergetic_electron,xray,
Ho-168m,132s,gamma,monoenergetic_electron,xray,,
Ho-170,2.76m,beta,gamma,monoenergetic_electron,xray,
I-118,13.7m,gamma,monoenergetic_electron,positron,xray,
I-118m,8.5m,gamma,monoenergetic_electron,positron,xray,
I-119,19.1m,gamma,monoenergetic_electron,positron,xray,
I-120,81.6m,gamma,monoenergetic_electron,positron,xray,
I-120m,53m,gamma,monoenergetic_electron,positron,xray,
I-121,2.12h,gamma,monoenergetic_electron,positron,xray,
I-122,3.63m,gamma,monoenergetic_electron,positron,xray,
I-123,13.27h,gamma,monoenergetic_electron,xray,,
I-124,4.1760d,gamma,monoenergetic_electron,positron,xray,
I-125,59.400d,gamma,monoenergetic_electron,xray,,
I-126,12.93d,beta,gamma,monoenergetic_electron,positron,xray
I-128,24.99m,beta,gamma,monoenergetic_electron,positron,xray
I-129,1.57E+7y,beta,gamma,monoenergetic_electron,xray,
I-130,12.36h,beta,gamma,monoenergetic_electron,xray,
I-130m,8.84m,beta,gamma,monoenergetic_electron,xray,
I-131,8.02070d,beta,gamma,monoenergetic_electron,xray,
I-132,2.295h,beta,gamma,monoenergetic_electron,xray,
I-132m,1.387h,beta,gamma,monoenergetic_electron,xray,
I-133,20.8h,beta,gamma,monoenergetic_electron,xray,
I-134,52.5m,beta,gamma,monoenergetic_electron,xray,
I-134m,3.60m,beta,gamma,monoenergetic_electron,xray,
I-135,6.57h,beta,gamma,monoenergetic_electron,xray,
In-103,60s,gamma,monoenergetic_electron,positron,xray,
In-105,5.07m,gamma,monoenergetic_electron,positron,xray,
In-106,6.2m,gamma,monoenergetic_electron,positron,xray,
In-106m,5.2m,gamma,monoenergetic_electron,positron,xray,
In-107,32.4m,gamma,monoenergetic_electron,positron,xray,
In-108,58.0m,gamma,monoenergetic_electron,positron,xray,
In-108m,39.6m,gamma,monoenergetic_electron,positron,xray,
In-109,4.2h,gamma,monoenergetic_electron,positron,xray,
In-109m,1.34m,gamma,monoenergetic_electron,xray,,
In-110,4.9h,gamma,monoenergetic_electron,positron,xray,
In-110m,69.1m,gamma,monoenergetic_electron,positron,xray,
In-111,2.8047d,gamma,monoenergetic_electron,xray,,
In-111m,7.7m,gamma,monoenergetic_electron,xray,,
In-112,14.97m,beta,gamma,monoenergetic_electron,positron,xray
In-112m,20.56m,gamma,monoenergetic_electron,xray,,
In-113m,1.6579h,gamma,monoenergetic_electron,xray,,
In-114,71.9s,beta,gamma,monoenergetic_electron,positron,xray
In-114m,49.51d,gamma,monoenergetic_electron,xray,,
In-115,4.41E+14y,beta,,,,
In-115m,4.486h,beta,gamma,monoenergetic_electron,xray,
In-116m,54.41m,beta,gamma,monoenergetic_electron,xray,
In-117,43.2m,beta,gamma,monoenergetic_electron,xray,
In-117m,116.2m,beta,gamma,monoenergetic_electron,xray,
In-118,5.0s,beta,gamma,monoenergetic_electron,xray,
In-118m,4.364m,beta,gamma,monoenergetic_electron,xray,
In-119,2.4m,beta,gamma,monoenergetic_electron,xray,
In-119m,18.0m,beta,gamma,monoenergetic_electron,xray,
In-121,23.1s,beta,gamma,monoenergetic_electron,xray,
In-121m,3.88m,beta,gamma,monoenergetic_electron,xray,
Ir-180,1.5m,gamma,monoenergetic_electron,positron,xray,
Ir-182,15m,gamma,monoenergetic_electron,positron,xray,
Ir-183,58m,gamma,monoenergetic_electron,positron,xray,
Ir-184,3.09h,gamma,monoenergetic_electron,positron,xray,
Ir-185,14.4h,gamma,monoenergetic_electron,positron,xray,
Ir-186,16.64h,gamma,monoenergetic_electron,positron,xray,
Ir-186m,1.92h,gamma,monoenergetic_electron,positron,xray,
Ir-187,10.5h,gamma,monoenergetic_electron,positron,xray,
Ir-188,41.5h,gamma,monoenergetic_electron,positron,xray,
Ir-189,13.2d,gamma,monoenergetic_electron,xray,,
Ir-190,11.78d,gamma,monoenergetic_electron,xray,,
Ir-190m,1.120h,gamma,monoenergetic_electron,xray,,
Ir-190n,3.087h,gamma,monoenergetic_electron,xray,,
Ir-191m,4.94s,gamma,monoenergetic_electron,xray,,
Ir-192,73.827d,beta,gamma,monoenergetic_electron,xray,
Ir-192m,1.45m,beta,gamma,monoenergetic_electron,xray,
Ir-192n,241y,gamma,monoenergetic_electron,xray,,
Ir-193m,10.53d,gamma,monoenergetic_electron,xray,,
Ir-194,19.28h,beta,gamma,monoenergetic_electron,xray,
Ir-194m,171d,beta,gamma,monoenergetic_electron,xray,
Ir-195,2.5h,beta,gamma,monoenergetic_electron,xray,
Ir-195m,3.8h,beta,gamma,monoenergetic_electron,xray,
Ir-196,52s,beta,gamma,monoenergetic_electron,xray,
Ir-196m,1.40h,beta,gamma,monoenergetic_electron,xray,
K-38,7.636m,gamma,monoenergetic_electron,positron,xray,
K-40,1.251E+9y,beta,gamma,monoenergetic_electron,positron,xray
K-42,12.360h,beta,gamma,monoenergetic_electron,xray,
K-43,22.3h,beta,gamma,monoenergetic_electron,xray,
K-44,22.13m,beta,gamma,monoenergetic_electron,xray,
K-45,17.3m,beta,gamma,monoenergetic_electron,xray,
K-46,105s,beta,gamma,monoenergetic_electron,xray,
Kr-74,11.50m,gamma,monoenergetic_electron,positron,xray,
Kr-75,4.29m,gamma,monoenergetic_electron,positron,xray,
Kr-76,14.8h,gamma,monoenergetic_electron,xray,,
Kr-77,74.4m,gamma,monoenergetic_electron,positron,xray,
Kr-79,35.04h,gamma,monoenergetic_electron,positron,xray,
Kr-81,2.29E+5y,gamma,monoenergetic_electron,xray,,
Kr-81m,13.10s,gamma,monoenergetic_electron,xray,,
Kr-83m,1.83h,gamma,monoenergetic_electron,xray,,
Kr-85,10.756y,beta,gamma,monoenergetic_electron,xray,
Kr-85m,4.480h,beta,gamma,monoenergetic_electron,xray,
Kr-87,76.3m,beta,gamma,monoenergetic_electron,xray,
Kr-88,2.84h,beta,gamma,monoenergetic_electron,xray,
Kr-89,3.15m,beta,gamma,monoenergetic_electron,xray,
La-128,5.18m,gamma,monoenergetic_electron,positron,xray,
La-129,11.6m,gamma,monoenergetic_electron,positron,xray,
La-130,8.7m,gamma,monoenergetic_electron,positron,xray,
La-131,59m,gamma,monoenergetic_electron,positron,xray,
La-132,4.8h,gamma,monoenergetic_electron,positron,xray,
La-132m,24.3m,gamma,monoenergetic_electron,positron,xray,
La-133,3.912h,gamma,monoenergetic_electron,positron,xray,
La-134,6.45m,gamma,monoenergetic_electron,positron,xray,
La-135,19.5h,gamma,monoenergetic_electron,positron,xray,
La-136,9.87m,gamma,monoenergetic_electron,positron,xray,
La-137,6.0E+4y,monoenergetic_electron,xray,,,
La-138,1.02E+11y,beta,gamma,monoenergetic_electron,xray,
La-140,1.6781d,beta,gamma,monoenergetic_electron,xray,
La-141,3.92h,beta,gamma,monoenergetic_electron,xray,
La-142,91.1m,beta,gamma,monoenergetic_electron,xray,
La-143,14.2m,beta,gamma,monoenergetic_electron,xray,
Lu-165,10.74m,gamma,monoenergetic_electron,positron,xray,
Lu-167,51.5m,gamma,monoenergetic_electron,positron,xray,
Lu-169,34.06h,gamma,monoenergetic_electron,positron,xray,
Lu-169m,160s,gamma,monoenergetic_electron,xray,,
Lu-170,2.012d,gamma,monoenergetic_electron,positron,xray,
Lu-171,8.24d,gamma,monoenergetic_electron,positron,xray,
Lu-171m,79s,gamma,monoenergetic_electron,xray,,
Lu-172,6.70d,gamma,monoenergetic_electron,positron,xray,
Lu-172m,3.7m,gamma,monoenergetic_electron,xray,,
Lu-173,1.37y,gamma,monoenergetic_electron,xray,,
Lu-174,3.31y,gamma,monoenergetic_electron,positron,xray,
Lu-174m,142d,gamma,monoenergetic_electron,xray,,
Lu-176,3.85E+10y,beta,gamma,monoenergetic_electron,xray,
Lu-176m,3.635h,beta,gamma,monoenergetic_electron,xray,
Lu-177,6.647d,beta,gamma,monoenergetic_electron,xray,
Lu-177m,160.4d,beta,gamma,monoenergetic_electron,xray,
Lu-178,28.4m,beta,gamma,monoenergetic_electron,xray,
Lu-178m,23.1m,beta,gamma,monoenergetic_electron,xray,
Lu-179,4.59h,beta,gamma,monoenergetic_electron,xray,
Lu-180,5.7m,beta,gamma,monoenergetic_electron,xray,
Lu-181,3.5m,beta,gamma,monoenergetic_electron,xray,
Mg-27,9.458m,beta,gamma,monoenergetic_electron,xray,
Mg-28,20.915h,beta,gamma,monoenergetic_electron,xray,
Mn-50m,1.75m,gamma,monoenergetic_electron,positron,xray,
Mn-51,46.2m,gamma,monoenergetic_electron,positron,xray,
Mn-52,5.591d,gamma,monoenergetic_electron,positron,xray,
Mn-52m,21.1m,gamma,monoenergetic_electron,positron,xray,
Mn-53,3.7E+6y,monoenergetic_electron,xray,,,
Mn-54,312.12d,beta,gamma,monoenergetic_electron,positron,xray
Mn-56,2.5789h,beta,gamma,monoenergetic_electron,xray,
Mn-57,85.4s,beta,gamma,monoenergetic_electron,xray,
Mn-58m,65.2s,beta,gamma,monoenergetic_electron,xray,
Mo-101,14.61m,beta,gamma,monoenergetic_electron,xray,
Mo-102,11.3m,beta,gamma,monoenergetic_electron,xray,
Mo-89,2.11m,gamma,monoenergetic_electron,positron,xray,
Mo-90,5.56h,gamma,monoenergetic_electron,positron,xray,
Mo-91,15.49m,gamma,monoenergetic_electron,positron,xray,
Mo-91m,64.6s,gamma,monoenergetic_electron,positron,xray,
Mo-93,4.0E+3y,monoenergetic_electron,xray,,,
Mo-93m,6.85h,gamma,monoenergetic_electron,xray,,
Mo-99,65.94h,beta,gamma,monoenergetic_electron,xray,
N-13,9.965m,gamma,positron,,,
N-16,7.13s,beta,gamma,monoenergetic_electron,,
Na-22,2.6019y,gamma,monoenergetic_electron,positron,,
Na-24,14.9590h,beta,gamma,monoenergetic_electron,xray,
Nb-87,3.75m,gamma,monoenergetic_electron,positron,xray,
Nb-88,14.5m,gamma,monoenergetic_electron,positron,xray,
Nb-88m,7.78m,gamma,monoenergetic_electron,positron,xray,
Nb-89,2.03h,gamma,monoenergetic_electron,positron,xray,
Nb-89m,66m,gamma,monoenergetic_electron,positron,xray,
Nb-90,14.60h,gamma,monoenergetic_electron,positron,xray,
Nb-91,680y,gamma,monoenergetic_electron,positron,xray,
Nb-91m,60.86d,gamma,monoenergetic_electron,positron,xray,
Nb-92,3.47E+7y,gamma,monoenergetic_electron,xray,,
Nb-92m,10.15d,gamma,monoenergetic_electron,positron,xray,
Nb-93m,16.13y,gamma,monoenergetic_electron,xray,,
Nb-94,2.03E+4y,beta,gamma,monoenergetic_electron,xray,
Nb-94m,6.263m,beta,gamma,monoenergetic_electron,xray,
Nb-95,34.991d,beta,gamma,monoenergetic_electron,xray,
Nb-95m,3.61d,beta,gamma,monoenergetic_electron,xray,
Nb-96,23.35h,beta,gamma,monoenergetic_electron,xray,
Nb-97,72.1m,beta,gamma,monoenergetic_electron,xray,
Nb-98m,51.3m,beta,gamma,monoenergetic_electron,xray,
Nb-99,15.0s,beta,gamma,monoenergetic_electron,xray,
Nb-99m,2.6m,beta,gamma,monoenergetic_electron,xray,
Nd-134,8.5m,gamma,monoenergetic_electron,positron,xray,
Nd-135,12.4m,gamma,monoenergetic_electron,positron,xray,
Nd-136,50.65m,gamma,monoenergetic_electron,positron,xray,
Nd-137,38.5m,gamma,monoenergetic_electron,positron,xray,
Nd-138,5.04h,gamma,monoenergetic_electron,xray,,
Nd-139,29.7m,gamma,monoenergetic_electron,positron,xray,
Nd-139m,5.50h,gamma,monoenergetic_electron,positron,xray,
Nd-140,3.37d,monoenergetic_electron,xray,,,
Nd-141,2.49h,gamma,monoenergetic_electron,positron,xray,
Nd-141m,62.0s,gamma,monoenergetic_electron,positron,xray,
Nd-144,2.29E+15y,alpha,,,,
Nd-147,10.98d,beta,gamma,monoenergetic_electron,xray,
Nd-149,1.728h,beta,gamma,monoenergetic_electron,xray,
Nd-151,12.44m,beta,gamma,monoenergetic_electron,xray,
Nd-152,11.4m,beta,gamma,monoenergetic_electron,xray,
Ne-19,17.22s,gamma,monoenergetic_electron,positron,,
Ne-24,3.38m,beta,gamma,monoenergetic_electron,xray,
Ni-56,6.075d,gamma,monoenergetic_electron,positron,xray,
Ni-57,35.60h,gamma,monoenergetic_electron,positron,xray,
Ni-59,1.01E+5y,gamma,monoenergetic_electron,positron,xray,
Ni-63,100.1y,beta,,,,
Ni-65,2.51719h,beta,gamma,monoenergetic_electron,xray,
Ni-66,54.6h,beta,,,,
Np-232,14.7m,gamma,monoenergetic_electron,positron,xray,
Np-233,36.2m,alpha,gamma,monoenergetic_electron,xray,
Np-234,4.4d,gamma,monoenergetic_electron,positron,xray,
Np-235,396.1d,alpha,gamma,monoenergetic_electron,xray,
Np-236,1.54E+5y,alpha,beta,gamma,monoenergetic_electron,xray
Np-236m,22.5h,beta,gamma,monoenergetic_electron,xray,
Np-237,2.144E+6y,alpha,gamma,monoenergetic_electron,xray,
Np-238,2.117d,beta,gamma,monoenergetic_electron,xray,
Np-239,2.3565d,beta,gamma,monoenergetic_electron,xray,
Np-240,61.9m,beta,gamma,monoenergetic_electron,xray,
Np-240m,7.22m,beta,gamma,monoenergetic_electron,xray,
Np-241,13.9m,beta,gamma,monoenergetic_electron,xray,
Np-242,2.2m,beta,gamma,monoenergetic_electron,xray,
Np-242m,5.5m,beta,gamma,monoenergetic_electron,xray,
O-14,70.606s,gamma,monoenergetic_electron,positron,,
O-15,122.24s,gamma,positron,,,
O-19,26.464s,beta,gamma,monoenergetic_electron,,
Os-180,21.5m,gamma,monoenergetic_electron,positron,xray,
Os-181,105m,gamma,monoenergetic_electron,positron,xray,
Os-182,22.10h,gamma,monoenergetic_electron,xray,,
Os-183,13.0h,gamma,monoenergetic_electron,positron,xray,
Os-183m,9.9h,gamma,monoenergetic_electron,positron,xray,
Os-185,93.6d,gamma,monoenergetic_electron,xray,,
Os-186,2.0E+15y,alpha,,,,
Os-189m,5.8h,gamma,monoenergetic_electron,xray,,
Os-190m,9.9m,gamma,monoenergetic_electron,xray,,
Os-191,15.4d,beta,gamma,monoenergetic_electron,xray,
Os-191m,13.10h,gamma,monoenergetic_electron,xray,,
Os-193,30.11h,beta,gamma,monoenergetic_electron,xray,
Os-194,6.0y,beta,gamma,monoenergetic_electron,xray,
Os-196,34.9m,beta,gamma,monoenergetic_electron,xray,
P-30,2.498m,gamma,monoenergetic_electron,positron,xray,
P-32,14.263d,beta,,,,
P-33,25.34d,beta,,,,
Pa-227,38.3m,alpha,gamma,monoenergetic_electron,xray,
Pa-228,22h,alpha,gamma,monoenergetic_electron,positron,xray
Pa-229,1.50d,alpha,gamma,monoenergetic_electron,xray,
Pa-230,17.4d,alpha,beta,gamma,monoenergetic_electron,xray
Pa-231,3.276E+4y,alpha,gamma,monoenergetic_electron,xray,
Pa-232,1.31d,beta,gamma,monoenergetic_electron,xray,
Pa-233,26.967d,beta,gamma,monoenergetic_electron,xray,
Pa-234,6.70h,beta,gamma,monoenergetic_electron,xray,
Pa-234m,1.17m,beta,gamma,monoenergetic_electron,xray,
Pa-235,24.5m,beta,gamma,monoenergetic_electron,xray,
Pa-236,9.1m,beta,gamma,monoenergetic_electron,xray,
Pa-237,8.7m,beta,gamma,monoenergetic_electron,xray,
Pb-194,12.0m,alpha,gamma,monoenergetic_electron,positron,xray
Pb-195m,15m,gamma,monoenergetic_electron,positron,xray,
Pb-196,37m,gamma,monoenergetic_electron,positron,xray,
Pb-197,8m,gamma,monoenergetic_electron,positron,xray,
Pb-197m,43m,gamma,monoenergetic_electron,positron,xray,
Pb-198,2.4h,gamma,monoenergetic_electron,xray,,
Pb-199,90m,gamma,monoenergetic_electron,positron,xray,
Pb-200,21.5h,gamma,monoenergetic_electron,xray,,
Pb-201,9.33h,gamma,monoenergetic_electron,positron,xray,
Pb-201m,61s,gamma,monoenergetic_electron,xray,,
Pb-202,5.25E+4y,alpha,monoenergetic_electron,xray,,
Pb-202m,3.53h,gamma,monoenergetic_electron,xray,,
Pb-203,51.873h,gamma,monoenergetic_electron,xray,,
Pb-204m,67.2m,gamma,monoenergetic_electron,xray,,
Pb-205,1.53E+7y,monoenergetic_electron,xray,,,
Pb-209,3.253h,beta,,,,
Pb-210,22.20y,alpha,beta,gamma,monoenergetic_electron,xray
Pb-211,36.1m,beta,gamma,monoenergetic_electron,xray,
Pb-212,10.64h,beta,gamma,monoenergetic_electron,xray,
Pb-214,26.8m,beta,gamma,monoenergetic_electron,xray,
Pd-100,3.63d,gamma,monoenergetic_electron,xray,,
Pd-101,8.47h,gamma,monoenergetic_electron,positron,xray,
Pd-103,16.991d,gamma,monoenergetic_electron,xray,,
Pd-107,6.5E+6y,beta,,,,
Pd-109,13.7012h,beta,gamma,monoenergetic_electron,xray,
Pd-109m,4.69m,gamma,monoenergetic_electron,xray,,
Pd-111,23.4m,beta,gamma,monoenergetic_electron,xray,
Pd-112,21.03h,beta,gamma,monoenergetic_electron,xray,
Pd-114,2.42m,beta,gamma,monoenergetic_electron,xray,
Pd-96,122s,gamma,monoenergetic_electron,positron,xray,
Pd-97,3.10m,gamma,monoenergetic_electron,positron,xray,
Pd-98,17.7m,gamma,monoenergetic_electron,positron,xray,
Pd-99,21.4m,gamma,monoenergetic_electron,positron,xray,
Pm-136,107s,gamma,monoenergetic_electron,positron,xray,
Pm-137m,2.4m,gamma,monoenergetic_electron,positron,xray,
Pm-139,4.15m,gamma,monoenergetic_electron,positron,xray,
Pm-140,9.2s,gamma,monoenergetic_electron,positron,xray,
Pm-140m,5.95m,gamma,monoenergetic_electron,positron,xray,
Pm-141,20.90m,gamma,monoenergetic_electron,positron,xray,
Pm-142,40.5s,gamma,monoenergetic_electron,positron,xray,
Pm-143,265d,gamma,monoenergetic_electron,xray,,
Pm-144,363d,gamma,monoenergetic_electron,xray,,
Pm-145,17.7y,alpha,gamma,monoenergetic_electron,xray,
Pm-146,5.53y,beta,gamma,monoenergetic_electron,xray,
Pm-147,2.6234y,beta,gamma,monoenergetic_electron,xray,
Pm-148,5.368d,beta,gamma,monoenergetic_electron,xray,
Pm-148m,41.29d,beta,gamma,monoenergetic_electron,xray,
Pm-149,53.08h,beta,gamma,monoenergetic_electron,xray,
Pm-150,2.68h,beta,gamma,monoenergetic_electron,xray,
Pm-151,28.40h,beta,gamma,monoenergetic_electron,xray,
Pm-152,4.12m,beta,gamma,monoenergetic_electron,xray,
Pm-152m,7.52m,beta,gamma,monoenergetic_electron,xray,
Pm-153,5.25m,beta,gamma,monoenergetic_electron,xray,
Pm-154,1.73m,beta,gamma,monoenergetic_electron,xray,
Pm-154m,2.68m,beta,gamma,monoenergetic_electron,xray,
Po-203,36.7m,alpha,gamma,monoenergetic_electron,positron,xray
Po-204,3.53h,alpha,gamma,monoenergetic_electron,xray,
Po-205,1.66h,alpha,gamma,monoenergetic_electron,positron,xray
Po-206,8.8d,alpha,gamma,monoenergetic_electron,xray,
Po-207,5.80h,alpha,gamma,monoenergetic_electron,positron,xray
Po-208,2.898y,alpha,gamma,monoenergetic_electron,xray,
Po-209,102y,alpha,gamma,monoenergetic_electron,xray,
Po-210,138.376d,alpha,gamma,monoenergetic_electron,xray,
Po-211,0.516s,alpha,gamma,monoenergetic_electron,xray,
Po-212,2.99E-7s,alpha,,,,
Po-212m,45.1s,alpha,gamma,monoenergetic_electron,xray,
Po-213,4.2E-6s,alpha,gamma,monoenergetic_electron,xray,
Po-214,1.643E-4s,alpha,gamma,monoenergetic_electron,xray,
Po-215,1.781E-3s,alpha,gamma,monoenergetic_electron,xray,
Po-216,0.145s,alpha,gamma,monoenergetic_electron,xray,
Po-218,3.10m,alpha,beta,,,
Pr-134,11m,gamma,monoenergetic_electron,positron,xray,
Pr-134m,17m,gamma,monoenergetic_electron,positron,xray,
Pr-135,24m,gamma,monoenergetic_electron,positron,xray,
Pr-136,13.1m,gamma,monoenergetic_electron,positron,xray,
Pr-137,1.28h,gamma,monoenergetic_electron,positron,xray,
Pr-138,1.45m,gamma,monoenergetic_electron,positron,xray,
Pr-138m,2.12h,gamma,monoenergetic_electron,positron,xray,
Pr-139,4.41h,gamma,monoenergetic_electron,positron,xray,
Pr-140,3.39m,gamma,monoenergetic_electron,positron,xray,
Pr-142,19.12h,beta,gamma,monoenergetic_electron,xray,
Pr-142m,14.6m,gamma,monoenergetic_electron,xray,,
Pr-143,13.57d,beta,gamma,monoenergetic_electron,xray,
Pr-144,17.28m,beta,gamma,monoenergetic_electron,xray,
Pr-144m,7.2m,beta,gamma,monoenergetic_electron,xray,
Pr-145,5.984h,beta,gamma,monoenergetic_electron,xray,
Pr-146,24.15m,beta,gamma,monoenergetic_electron,xray,
Pr-147,13.4m,beta,gamma,monoenergetic_electron,xray,
Pr-148,2.29m,beta,gamma,monoenergetic_electron,xray,
Pr-148m,2.01m,beta,gamma,monoenergetic_electron,xray,
Pt-184,17.3m,alpha,gamma,monoenergetic_electron,positron,xray
Pt-186,2.08h,alpha,gamma,monoenergetic_electron,xray,
Pt-187,2.35h,gamma,monoenergetic_electron,positron,xray,
Pt-188,10.2d,alpha,gamma,monoenergetic_electron,xray,
Pt-189,10.87h,gamma,monoenergetic_electron,positron,xray,
Pt-190,6.50E+11y,alpha,,,,
Pt-191,2.802d,gamma,monoenergetic_electron,xray,,
Pt-193,50y,monoenergetic_electron,xray,,,
Pt-193m,4.33d,gamma,monoenergetic_electron,xray,,
Pt-195m,4.02d,gamma,monoenergetic_electron,xray,,
Pt-197,19.8915h,beta,gamma,monoenergetic_electron,xray,
Pt-197m,95.41m,beta,gamma,monoenergetic_electron,xray,
Pt-199,30.80m,beta,gamma,monoenergetic_electron,xray,
Pt-200,12.5h,beta,gamma,monoenergetic_electron,xray,
Pt-202,44h,beta,,,,
Pu-232,33.7m,alpha,monoenergetic_electron,xray,,
Pu-234,8.8h,alpha,gamma,monoenergetic_electron,xray,
Pu-235,25.3m,alpha,gamma,monoenergetic_electron,xray,
Pu-236,2.858y,alpha,gamma,monoenergetic_electron,xray,
Pu-237,45.2d,alpha,gamma,monoenergetic_electron,xray,
Pu-238,87.7y,alpha,gamma,monoenergetic_electron,xray,
Pu-239,2.411E+4y,alpha,gamma,monoenergetic_electron,xray,
Pu-240,6564y,alpha,gamma,monoenergetic_electron,xray,
Pu-241,14.35y,alpha,beta,gamma,monoenergetic_electron,xray
Pu-242,3.75E+5y,alpha,gamma,monoenergetic_electron,xray,
Pu-243,4.956h,beta,gamma,monoenergetic_electron,xray,
Pu-244,8.00E+7y,alpha,gamma,monoenergetic_electron,xray,
Pu-245,10.5h,beta,gamma,monoenergetic_electron,xray,
Pu-246,10.84d,beta,gamma,monoenergetic_electron,xray,
Ra-219,10ms,alpha,gamma,monoenergetic_electron,xray,
Ra-220,1.79E-2s,alpha,gamma,monoenergetic_electron,xray,
Ra-221,28s,alpha,gamma,monoenergetic_electron,xray,
Ra-222,38.0s,alpha,gamma,monoenergetic_electron,xray,
Ra-223,11.43d,alpha,gamma,monoenergetic_electron,xray,
Ra-224,3.66d,alpha,gamma,monoenergetic_electron,xray,
Ra-225,14.9d,beta,gamma,monoenergetic_electron,xray,
Ra-226,1600y,alpha,gamma,monoenergetic_electron,xray,
Ra-227,42.2m,beta,gamma,monoenergetic_electron,xray,
Ra-228,5.75y,beta,gamma,monoenergetic_electron,xray,
Ra-230,93m,beta,gamma,monoenergetic_electron,xray,
Rb-77,3.77m,gamma,monoenergetic_electron,positron,xray,
Rb-78,17.66m,gamma,monoenergetic_electron,positron,xray,
Rb-78m,5.74m,gamma,monoenergetic_electron,positron,xray,
Rb-79,22.9m,gamma,monoenergetic_electron,positron,xray,
Rb-80,33.4s,gamma,monoenergetic_electron,positron,xray,
Rb-81,4.576h,gamma,monoenergetic_electron,positron,xray,
Rb-81m,30.5m,gamma,monoenergetic_electron,positron,xray,
Rb-82,1.273m,gamma,monoenergetic_electron,positron,xray,
Rb-82m,6.472h,gamma,monoenergetic_electron,positron,xray,
Rb-83,86.2d,gamma,monoenergetic_electron,xray,,
Rb-84,32.77d,beta,gamma,monoenergetic_electron,positron,xray
Rb-84m,20.26m,gamma,monoenergetic_electron,xray,,
Rb-86,18.642d,beta,gamma,monoenergetic_electron,xray,
Rb-86m,1.017m,gamma,monoenergetic_electron,xray,,
Rb-87,4.923E10y,beta,,,,
Rb-88,17.78m,beta,gamma,monoenergetic_electron,xray,
Rb-89,15.15m,beta,gamma,monoenergetic_electron,xray,
Rb-90,158s,beta,gamma,monoenergetic_electron,xray,
Rb-90m,258s,beta,gamma,monoenergetic_electron,xray,
Re-178,13.2m,gamma,monoenergetic_electron,positron,xray,
Re-179,19.5m,gamma,monoenergetic_electron,positron,xray,
Re-180,2.44m,gamma,monoenergetic_electron,positron,xray,
Re-181,19.9h,gamma,monoenergetic_electron,positron,xray,
Re-182,64.0h,gamma,monoenergetic_electron,xray,,
Re-182m,12.7h,gamma,monoenergetic_electron,positron,xray,
Re-183,70.0d,gamma,monoenergetic_electron,xray,,
Re-184,38.0d,gamma,monoenergetic_electron,positron,xray,
Re-184m,169d,gamma,monoenergetic_electron,xray,,
Re-186,3.7183d,beta,gamma,monoenergetic_electron,xray,
Re-186m,2.00E+5y,gamma,monoenergetic_electron,xray,,
Re-187,4.12E+10y,beta,,,,
Re-188,17.0040h,beta,gamma,monoenergetic_electron,xray,
Re-188m,18.59m,gamma,monoenergetic_electron,xray,,
Re-189,24.3h,beta,gamma,monoenergetic_electron,xray,
Re-190,3.1m,beta,gamma,monoenergetic_electron,xray,
Re-190m,3.2h,beta,gamma,monoenergetic_electron,xray,
Rh-100,20.8h,gamma,monoenergetic_electron,positron,xray,
Rh-100m,4.6m,gamma,monoenergetic_electron,positron,xray,
Rh-101,3.3y,gamma,monoenergetic_electron,xray,,
Rh-101m,4.34d,gamma,monoenergetic_electron,xray,,
Rh-102,207d,beta,gamma,monoenergetic_electron,positron,xray
Rh-102m,3.742y,gamma,monoenergetic_electron,positron,xray,
Rh-103m,56.114m,gamma,monoenergetic_electron,xray,,
Rh-104,42.3s,beta,gamma,monoenergetic_electron,xray,
Rh-104m,4.34m,beta,gamma,monoenergetic_electron,xray,
Rh-105,35.36h,beta,gamma,monoenergetic_electron,xray,
Rh-106,29.80s,beta,gamma,monoenergetic_electron,xray,
Rh-106m,131m,beta,gamma,monoenergetic_electron,xray,
Rh-107,21.7m,beta,gamma,monoenergetic_electron,xray,
Rh-108,16.8s,beta,gamma,monoenergetic_electron,xray,
Rh-109,80s,beta,gamma,monoenergetic_electron,xray,
Rh-94,70.6s,gamma,monoenergetic_electron,positron,xray,
Rh-95,5.02m,gamma,monoenergetic_electron,positron,xray,
Rh-95m,1.96m,gamma,monoenergetic_electron,positron,xray,
Rh-96,9.90m,gamma,monoenergetic_electron,positron,xray,
Rh-96m,1.51m,gamma,monoenergetic_electron,positron,xray,
Rh-97,30.7m,gamma,monoenergetic_electron,positron,xray,
Rh-97m,46.2m,gamma,monoenergetic_electron,positron,xray,
Rh-98,8.7m,gamma,monoenergetic_electron,positron,xray,
Rh-99,16.1d,gamma,monoenergetic_electron,positron,xray,
Rh-99m,4.7h,gamma,monoenergetic_electron,positron,xray,
Rn-207,9.25m,alpha,gamma,monoenergetic_electron,positron,xray
Rn-209,28.5m,alpha,gamma,monoenergetic_electron,positron,xray
Rn-210,2.4h,alpha,gamma,monoenergetic_electron,xray,
Rn-211,14.6h,alpha,gamma,monoenergetic_electron,positron,xray
Rn-212,23.9m,alpha,gamma,monoenergetic_electron,xray,
Rn-215,2.30us,alpha,,,,
Rn-216,4.5E-5s,alpha,,,,
Rn-217,5.40E-4s,alpha,,,,
Rn-218,3.5E-2s,alpha,gamma,monoenergetic_electron,xray,
Rn-219,3.96s,alpha,gamma,monoenergetic_electron,xray,
Rn-220,55.6s,alpha,gamma,monoenergetic_electron,xray,
Rn-222,3.8235d,alpha,gamma,monoenergetic_electron,xray,
Rn-223,24.3m,beta,gamma,monoenergetic_electron,xray,
Ru-103,39.26d,beta,gamma,monoenergetic_electron,xray,
Ru-105,4.44h,beta,gamma,monoenergetic_electron,xray,
Ru-106,373.59d,beta,,,,
Ru-107,3.75m,beta,gamma,monoenergetic_electron,xray,
Ru-108,4.55m,beta,gamma,monoenergetic_electron,xray,
Ru-92,3.65m,gamma,monoenergetic_electron,positron,xray,
Ru-94,51.8m,gamma,monoenergetic_electron,positron,xray,
Ru-95,1.643h,gamma,monoenergetic_electron,positron,xray,
Ru-97,2.9d,gamma,monoenergetic_electron,xray,,
S-35,87.51d,beta,,,,
S-37,5.05m,beta,gamma,monoenergetic_electron,xray,
S-38,170.3m,beta,gamma,monoenergetic_electron,xray,
Sb-111,75s,gamma,monoenergetic_electron,positron,xray,
Sb-113,6.67m,gamma,monoenergetic_electron,positron,xray,
Sb-114,3.49m,gamma,monoenergetic_electron,positron,xray,
Sb-115,32.1m,gamma,monoenergetic_electron,positron,xray,
Sb-116,15.8m,gamma,monoenergetic_electron,positron,xray,
Sb-116m,60.3m,gamma,monoenergetic_electron,positron,xray,
Sb-117,2.80h,gamma,monoenergetic_electron,positron,xray,
Sb-118,3.6m,gamma,monoenergetic_electron,positron,xray,
Sb-118m,5.00h,gamma,monoenergetic_electron,positron,xray,
Sb-119,38.19h,gamma,monoenergetic_electron,xray,,
Sb-120,15.89m,gamma,monoenergetic_electron,positron,xray,
Sb-120m,5.76d,gamma,monoenergetic_electron,xray,,
Sb-122,2.7238d,beta,gamma,monoenergetic_electron,positron,xray
Sb-122m,4.191m,gamma,monoenergetic_electron,xray,,
Sb-124,60.20d,beta,gamma,monoenergetic_electron,xray,
Sb-124m,93s,beta,gamma,monoenergetic_electron,xray,
Sb-124n,20.2m,gamma,monoenergetic_electron,xray,,
Sb-125,2.75856y,beta,gamma,monoenergetic_electron,xray,
Sb-126,12.35d,beta,gamma,monoenergetic_electron,xray,
Sb-126m,19.15m,beta,gamma,monoenergetic_electron,xray,
Sb-127,3.85d,beta,gamma,monoenergetic_electron,xray,
Sb-128,9.01h,beta,gamma,monoenergetic_electron,xray,
Sb-128m,10.4m,beta,gamma,monoenergetic_electron,xray,
Sb-129,4.40h,beta,gamma,monoenergetic_electron,xray,
Sb-130,39.5m,beta,gamma,monoenergetic_electron,xray,
Sb-130m,6.3m,beta,gamma,monoenergetic_electron,xray,
Sb-131,23.03m,beta,gamma,monoenergetic_electron,xray,
Sb-133,2.5m,beta,gamma,monoenergetic_electron,xray,
Sc-42m,62.0s,gamma,monoenergetic_electron,positron,xray,
Sc-43,3.891h,gamma,monoenergetic_electron,positron,xray,
Sc-44,3.97h,gamma,monoenergetic_electron,positron,xray,
Sc-44m,58.61h,gamma,monoenergetic_electron,xray,,
Sc-46,83.79d,beta,gamma,monoenergetic_electron,xray,
Sc-47,3.3492d,beta,gamma,monoenergetic_electron,xray,
Sc-48,43.67h,beta,gamma,monoenergetic_electron,xray,
Sc-49,57.2m,beta,gamma,monoenergetic_electron,xray,
Sc-50,102.5s,beta,gamma,monoenergetic_electron,xray,
Se-70,41.1m,gamma,monoenergetic_electron,positron,xray,
Se-71,4.74m,gamma,monoenergetic_electron,positron,xray,
Se-72,8.40d,gamma,monoenergetic_electron,xray,,
Se-73,7.15h,gamma,monoenergetic_electron,positron,xray,
Se-73m,39.8m,gamma,monoenergetic_electron,positron,xray,
Se-75,119.779d,gamma,monoenergetic_electron,xray,,
Se-77m,17.36s,gamma,monoenergetic_electron,xray,,
Se-79,2.95E+5y,beta,,,,
Se-79m,3.92m,beta,gamma,monoenergetic_electron,xray,
Se-81,18.45m,beta,gamma,monoenergetic_electron,xray,
Se-81m,57.28m,beta,gamma,monoenergetic_electron,xray,
Se-83,22.3m,beta,gamma,monoenergetic_electron,xray,
Se-83m,70.1s,beta,gamma,monoenergetic_electron,xray,
Se-84,3.1m,beta,gamma,monoenergetic_electron,xray,
Si-31,157.3m,beta,gamma,monoenergetic_electron,xray,
Si-32,132y,beta,,,,
Sm-139,2.57m,gamma,monoenergetic_electron,positron,xray,
Sm-140,14.82m,gamma,monoenergetic_electron,positron,xray,
Sm-141,10.2m,gamma,monoenergetic_electron,positron,xray,
Sm-141m,22.6m,gamma,monoenergetic_electron,positron,xray,
Sm-142,72.49m,gamma,monoenergetic_electron,positron,xray,
Sm-143,8.75m,gamma,monoenergetic_electron,positron,xray,
Sm-143m,66s,gamma,monoenergetic_electron,positron,xray,
Sm-145,340d,gamma,monoenergetic_electron,xray,,
Sm-146,1.03E+8y,alpha,,,,
Sm-147,1.060E11y,alpha,,,,
Sm-148,7E+15y,alpha,,,,
Sm-151,90y,beta,gamma,monoenergetic_electron,xray,
Sm-153,46.50h,beta,gamma,monoenergetic_electron,xray,
Sm-155,22.3m,beta,gamma,monoenergetic_electron,xray,
Sm-156,9.4h,beta,gamma,monoenergetic_electron,xray,
Sm-157,8.03m,beta,gamma,monoenergetic_electron,xray,
Sn-106,1.92m,gamma,monoenergetic_electron,positron,xray,
Sn-108,10.30m,gamma,monoenergetic_electron,positron,xray,
Sn-109,18.0m,gamma,monoenergetic_electron,positron,xray,
Sn-110,4.11h,gamma,monoenergetic_electron,xray,,
Sn-111,35.3m,gamma,monoenergetic_electron,positron,xray,
Sn-113,115.09d,gamma,monoenergetic_electron,xray,,
Sn-113m,21.4m,gamma,monoenergetic_electron,xray,,
Sn-117m,13.76d,gamma,monoenergetic_electron,xray,,
Sn-119m,293.1d,gamma,monoenergetic_electron,xray,,
Sn-121,27.03h,beta,,,,
Sn-121m,43.9y,beta,gamma,monoenergetic_electron,xray,
Sn-123,129.2d,beta,gamma,monoenergetic_electron,xray,
Sn-123m,40.06m,beta,gamma,monoenergetic_electron,xray,
Sn-125,9.64d,beta,gamma,monoenergetic_electron,xray,
Sn-125m,9.52m,beta,gamma,monoenergetic_electron,xray,
Sn-126,2.30E+5y,beta,gamma,monoenergetic_electron,xray,
Sn-127,2.10h,beta,gamma,monoenergetic_electron,xray,
Sn-127m,4.13m,beta,gamma,monoenergetic_electron,xray,
Sn-128,59.07m,beta,gamma,monoenergetic_electron,xray,
Sn-129,2.23m,beta,gamma,monoenergetic_electron,xray,
Sn-130,3.72m,beta,gamma,monoenergetic_electron,xray,
Sn-130m,1.7m,beta,gamma,monoenergetic_electron,xray,
Sr-79,2.25m,gamma,monoenergetic_electron,positron,xray,
Sr-80,106.3m,gamma,monoenergetic_electron,positron,xray,
Sr-81,22.3m,gamma,monoenergetic_electron,positron,xray,
Sr-82,25.36d,monoenergetic_electron,xray,,,
Sr-83,32.41h,gamma,monoenergetic_electron,positron,xray,
Sr-85,64.84d,gamma,monoenergetic_electron,xray,,
Sr-85m,67.63m,gamma,monoenergetic_electron,positron,xray,
Sr-87m,2.815h,gamma,monoenergetic_electron,xray,,
Sr-89,50.53d,beta,gamma,monoenergetic_electron,xray,
Sr-90,28.79y,beta,,,,
Sr-91,9.63h,beta,gamma,monoenergetic_electron,xray,
Sr-92,2.66h,beta,gamma,monoenergetic_electron,xray,
Sr-93,7.423m,beta,gamma,monoenergetic_electron,xray,
Sr-94,75.3s,beta,gamma,monoenergetic_electron,xray,
Ta-170,6.76m,gamma,monoenergetic_electron,positron,xray,
Ta-172,36.8m,gamma,monoenergetic_electron,positron,xray,
Ta-173,3.14h,gamma,monoenergetic_electron,positron,xray,
Ta-174,1.14h,gamma,monoenergetic_electron,positron,xray,
Ta-175,10.5h,gamma,monoenergetic_electron,positron,xray,
Ta-176,8.09h,gamma,monoenergetic_electron,positron,xray,
Ta-177,56.56h,gamma,monoenergetic_electron,xray,,
Ta-178,9.31m,gamma,monoenergetic_electron,positron,xray,
Ta-178m,2.36h,gamma,monoenergetic_electron,xray,,
Ta-179,1.82y,monoenergetic_electron,xray,,,
Ta-180,8.152h,beta,gamma,monoenergetic_electron,xray,
Ta-182,114.43d,beta,gamma,monoenergetic_electron,xray,
Ta-182m,15.84m,gamma,monoenergetic_electron,xray,,
Ta-183,5.1d,beta,gamma,monoenergetic_electron,xray,
Ta-184,8.7h,beta,gamma,monoenergetic_electron,xray,
Ta-185,49.4m,beta,gamma,monoenergetic_electron,xray,
Ta-186,10.5m,beta,gamma,monoenergetic_electron,xray,
Tb-146,23s,gamma,monoenergetic_electron,positron,xray,
Tb-147,1.64h,gamma,monoenergetic_electron,positron,xray,
Tb-147m,1.87m,gamma,monoenergetic_electron,positron,xray,
Tb-148,60m,gamma,monoenergetic_electron,positron,xray,
Tb-148m,2.20m,gamma,monoenergetic_electron,positron,xray,
Tb-149,4.118h,alpha,gamma,monoenergetic_electron,positron,xray
Tb-149m,4.16m,alpha,gamma,monoenergetic_electron,positron,xray
Tb-150,3.48h,alpha,gamma,monoenergetic_electron,positron,xray
Tb-150m,5.8m,gamma,monoenergetic_electron,positron,xray,
Tb-151,17.609h,alpha,gamma,monoenergetic_electron,positron,xray
Tb-151m,25s,gamma,monoenergetic_electron,positron,xray,
Tb-152,17.5h,gamma,monoenergetic_electron,positron,xray,
Tb-152m,4.2m,gamma,monoenergetic_electron,positron,xray,
Tb-153,2.34d,gamma,monoenergetic_electron,positron,xray,
Tb-154,21.5h,gamma,monoenergetic_electron,positron,xray,
Tb-155,5.32d,gamma,monoenergetic_electron,xray,,
Tb-156,5.35d,gamma,monoenergetic_electron,xray,,
Tb-156m,24.4h,gamma,monoenergetic_electron,xray,,
Tb-156n,5.3h,gamma,monoenergetic_electron,xray,,
Tb-157,71y,gamma,monoenergetic_electron,xray,,
Tb-158,180y,beta,gamma,monoenergetic_electron,xray,
Tb-160,72.3d,beta,gamma,monoenergetic_electron,xray,
Tb-161,6.906d,beta,gamma,monoenergetic_electron,xray,
Tb-162,7.60m,beta,gamma,monoenergetic_electron,xray,
Tb-163,19.5m,beta,gamma,monoenergetic_electron,xray,
Tb-164,3.0m,beta,gamma,monoenergetic_electron,xray,
Tb-165,2.11m,beta,gamma,monoenergetic_electron,xray,
Tc-101,14.2m,beta,gamma,monoenergetic_electron,xray,
Tc-102,5.28s,beta,gamma,monoenergetic_electron,xray,
Tc-102m,4.35m,beta,gamma,monoenergetic_electron,xray,
Tc-104,18.3m,beta,gamma,monoenergetic_electron,xray,
Tc-105,7.6m,beta,gamma,monoenergetic_electron,xray,
Tc-91,3.14m,gamma,monoenergetic_electron,positron,xray,
Tc-91m,3.3m,gamma,monoenergetic_electron,positron,xray,
Tc-92,4.25m,gamma,monoenergetic_electron,positron,xray,
Tc-93,2.75h,gamma,monoenergetic_electron,positron,xray,
Tc-93m,43.5m,gamma,monoenergetic_electron,positron,xray,
Tc-94,293m,gamma,monoenergetic_electron,positron,xray,
Tc-94m,52.0m,gamma,monoenergetic_electron,positron,xray,
Tc-95,20.0h,gamma,monoenergetic_electron,xray,,
Tc-95m,61d,gamma,monoenergetic_electron,positron,xray,
Tc-96,4.28d,gamma,monoenergetic_electron,xray,,
Tc-96m,51.5m,gamma,monoenergetic_electron,positron,xray,
Tc-97,2.6E+6y,monoenergetic_electron,xray,,,
Tc-97m,90.1d,gamma,monoenergetic_electron,xray,,
Tc-98,4.2E+6y,beta,gamma,monoenergetic_electron,xray,
Tc-99,2.111E+5y,beta,gamma,monoenergetic_electron,xray,
Tc-99m,6.015h,beta,gamma,monoenergetic_electron,xray,
Te-113,1.7m,gamma,monoenergetic_electron,positron,xray,
Te-114,15.2m,gamma,monoenergetic_electron,positron,xray,
Te-115,5.8m,gamma,monoenergetic_electron,positron,xray,
Te-115m,6.7m,gamma,monoenergetic_electron,positron,xray,
Te-116,2.49h,gamma,monoenergetic_electron,positron,xray,
Te-117,62m,gamma,monoenergetic_electron,positron,xray,
Te-118,6.00d,monoenergetic_electron,xray,,,
Te-119,16.05h,gamma,monoenergetic_electron,positron,xray,
Te-119m,4.70d,gamma,monoenergetic_electron,positron,xray,
Te-121,19.16d,gamma,monoenergetic_electron,xray,,
Te-121m,154d,gamma,monoenergetic_electron,xray,,
Te-123,6.00E+14y,monoenergetic_electron,xray,,,
Te-123m,119.25d,gamma,monoenergetic_electron,xray,,
Te-125m,57.40d,gamma,monoenergetic_electron,xray,,
Te-127,9.35h,beta,gamma,monoenergetic_electron,xray,
Te-127m,109d,beta,gamma,monoenergetic_electron,xray,
Te-129,69.6m,beta,gamma,monoenergetic_electron,xray,
Te-129m,33.6d,beta,gamma,monoenergetic_electron,xray,
Te-131,25.0m,beta,gamma,monoenergetic_electron,xray,
Te-131m,30h,beta,gamma,monoenergetic_electron,xray,
Te-132,3.204d,beta,gamma,monoenergetic_electron,xray,
Te-133,12.5m,beta,gamma,monoenergetic_electron,xray,
Te-133m,55.4m,beta,gamma,monoenergetic_electron,xray,
Te-134,41.8m,beta,gamma,monoenergetic_electron,xray,
Th-223,0.60s,alpha,gamma,monoenergetic_electron,xray,
Th-224,1.05s,alpha,gamma,monoenergetic_electron,xray,
Th-226,30.57m,alpha,gamma,monoenergetic_electron,xray,
Th-227,18.68d,alpha,gamma,monoenergetic_electron,xray,
Th-228,1.9116y,alpha,gamma,monoenergetic_electron,xray,
Th-229,7.34E+3y,alpha,gamma,monoenergetic_electron,xray,
Th-230,7.538E+4y,alpha,gamma,monoenergetic_electron,xray,
Th-231,25.52h,beta,gamma,monoenergetic_electron,xray,
Th-232,1.405E10y,alpha,gamma,monoenergetic_electron,xray,
Th-233,22.3m,beta,gamma,monoenergetic_electron,xray,
Th-234,24.10d,beta,gamma,monoenergetic_electron,xray,
Th-235,7.1m,beta,gamma,monoenergetic_electron,xray,
Th-236,37.5m,beta,gamma,monoenergetic_electron,xray,
Ti-44,60.0y,gamma,monoenergetic_electron,xray,,
Ti-45,184.8m,gamma,monoenergetic_electron,positron,xray,
Ti-51,5.76m,beta,gamma,monoenergetic_electron,xray,
Ti-52,1.7m,beta,gamma,monoenergetic_electron,xray,
Tl-190,2.6m,gamma,monoenergetic_electron,positron,xray,
Tl-190m,3.7m,gamma,monoenergetic_electron,positron,xray,
Tl-194,33.0m,gamma,monoenergetic_electron,positron,xray,
Tl-194m,32.8m,gamma,monoenergetic_electron,positron,xray,
Tl-195,1.16h,gamma,monoenergetic_electron,positron,xray,
Tl-196,1.84h,gamma,monoenergetic_electron,positron,xray,
Tl-197,2.84h,gamma,monoenergetic_electron,positron,xray,
Tl-198,5.3h,gamma,monoenergetic_electron,positron,xray,
Tl-198m,1.87h,gamma,monoenergetic_electron,positron,xray,
Tl-199,7.42h,gamma,monoenergetic_electron,positron,xray,
Tl-200,26.1h,gamma,monoenergetic_electron,positron,xray,
Tl-201,72.912h,gamma,monoenergetic_electron,xray,,
Tl-202,12.23d,gamma,monoenergetic_electron,xray,,
Tl-204,3.78y,beta,monoenergetic_electron,xray,,
Tl-206,4.200m,beta,gamma,monoenergetic_electron,xray,
Tl-206m,3.74m,gamma,monoenergetic_electron,xray,,
Tl-207,4.77m,beta,gamma,monoenergetic_electron,xray,
Tl-208,3.053m,beta,gamma,monoenergetic_electron,xray,
Tl-209,2.161m,beta,gamma,monoenergetic_electron,xray,
Tl-210,1.30m,beta,gamma,monoenergetic_electron,xray,
Tm-161,30.2m,gamma,monoenergetic_electron,positron,xray,
Tm-162,21.70m,gamma,monoenergetic_electron,positron,xray,
Tm-163,1.810h,gamma,monoenergetic_electron,positron,xray,
Tm-164,2.0m,gamma,monoenergetic_electron,positron,xray,
Tm-165,30.06h,gamma,monoenergetic_electron,positron,xray,
Tm-166,7.70h,gamma,monoenergetic_electron,positron,xray,
Tm-167,9.25d,gamma,monoenergetic_electron,xray,,
Tm-168,93.1d,beta,gamma,monoenergetic_electron,positron,xray
Tm-170,128.6d,beta,gamma,monoenergetic_electron,xray,
Tm-171,1.92y,beta,gamma,monoenergetic_electron,xray,
Tm-172,63.6h,beta,gamma,monoenergetic_electron,xray,
Tm-173,8.24h,beta,gamma,monoenergetic_electron,xray,
Tm-174,5.4m,beta,gamma,monoenergetic_electron,xray,
Tm-175,15.2m,beta,gamma,monoenergetic_electron,xray,
Tm-176,1.85m,beta,gamma,monoenergetic_electron,xray,
U-227,1.1m,alpha,gamma,monoenergetic_electron,xray,
U-228,9.1m,alpha,gamma,monoenergetic_electron,xray,
U-230,20.8d,alpha,gamma,monoenergetic_electron,xray,
U-231,4.2d,alpha,gamma,monoenergetic_electron,xray,
U-232,68.9y,alpha,gamma,monoenergetic_electron,xray,
U-233,1.592E+5y,alpha,gamma,monoenergetic_electron,xray,
U-234,2.455E+5y,alpha,gamma,monoenergetic_electron,xray,
U-235,7.04E+8y,alpha,gamma,monoenergetic_electron,xray,
U-235m,26m,gamma,monoenergetic_electron,,,
U-236,2.342E+7y,alpha,gamma,monoenergetic_electron,xray,
U-237,6.75d,beta,gamma,monoenergetic_electron,xray,
U-238,4.468E+9y,alpha,gamma,monoenergetic_electron,xray,
U-239,23.45m,beta,gamma,monoenergetic_electron,xray,
U-240,14.1h,beta,gamma,monoenergetic_electron,xray,
U-242,16.8m,beta,gamma,monoenergetic_electron,xray,
V-47,32.6m,gamma,monoenergetic_electron,positron,xray,
V-48,15.9735d,gamma,monoenergetic_electron,positron,xray,
V-49,330d,monoenergetic_electron,xray,,,
V-50,1.50E+17y,beta,gamma,monoenergetic_electron,xray,
V-52,3.743m,beta,gamma,monoenergetic_electron,xray,
V-53,1.61m,beta,gamma,monoenergetic_electron,xray,
W-177,132m,gamma,monoenergetic_electron,positron,xray,
W-178,21.6d,monoenergetic_electron,xray,,,
W-179,37.05m,gamma,monoenergetic_electron,xray,,
W-179m,6.40m,gamma,monoenergetic_electron,xray,,
W-181,121.2d,gamma,monoenergetic_electron,xray,,
W-185,75.1d,beta,gamma,monoenergetic_electron,xray,
W-185m,1.597m,gamma,monoenergetic_electron,xray,,
W-187,23.72h,beta,gamma,monoenergetic_electron,xray,
W-188,69.78d,beta,gamma,monoenergetic_electron,xray,
W-190,30.0m,beta,gamma,monoenergetic_electron,xray,
Xe-120,40m,gamma,monoenergetic_electron,positron,xray,
Xe-121,40.1m,gamma,monoenergetic_electron,positron,xray,
Xe-122,20.1h,gamma,monoenergetic_electron,xray,,
Xe-123,2.08h,gamma,monoenergetic_electron,positron,xray,
Xe-125,16.9h,gamma,monoenergetic_electron,positron,xray,
Xe-127,36.4d,gamma,monoenergetic_electron,xray,,
Xe-127m,69.2s,gamma,monoenergetic_electron,xray,,
Xe-129m,8.88d,gamma,monoenergetic_electron,xray,,
Xe-131m,11.84d,gamma,monoenergetic_electron,xray,,
Xe-133,5.243d,beta,gamma,monoenergetic_electron,xray,
Xe-133m,2.19d,gamma,monoenergetic_electron,xray,,
Xe-135,9.14h,beta,gamma,monoenergetic_electron,xray,
Xe-135m,15.29m,beta,gamma,monoenergetic_electron,xray,
Xe-137,3.818m,beta,gamma,monoenergetic_electron,xray,
Xe-138,14.08m,beta,gamma,monoenergetic_electron,xray,
Y-81,70.4s,gamma,monoenergetic_electron,positron,xray,
Y-83,7.08m,gamma,monoenergetic_electron,positron,xray,
Y-83m,2.85m,gamma,monoenergetic_electron,positron,xray,
Y-84m,39.5m,gamma,monoenergetic_electron,positron,xray,
Y-85,2.68h,gamma,monoenergetic_electron,positron,xray,
Y-85m,4.86h,gamma,monoenergetic_electron,positron,xray,
Y-86,14.74h,gamma,monoenergetic_electron,positron,xray,
Y-86m,48m,gamma,monoenergetic_electron,positron,xray,
Y-87,79.8h,gamma,monoenergetic_electron,positron,xray,
Y-87m,13.37h,gamma,monoenergetic_electron,positron,xray,
Y-88,106.65d,gamma,monoenergetic_electron,positron,xray,
Y-89m,15.663s,gamma,monoenergetic_electron,xray,,
Y-90,64.10h,beta,gamma,monoenergetic_electron,xray,
Y-90m,3.19h,beta,gamma,monoenergetic_electron,xray,
Y-91,58.51d,beta,gamma,monoenergetic_electron,xray,
Y-91m,49.71m,gamma,monoenergetic_electron,xray,,
Y-92,3.54h,beta,gamma,monoenergetic_electron,xray,
Y-93,10.18h,beta,gamma,monoenergetic_electron,xray,
Y-94,18.7m,beta,gamma,monoenergetic_electron,xray,
Y-95,10.3m,beta,gamma,monoenergetic_electron,xray,
Yb-162,18.87m,gamma,monoenergetic_electron,positron,xray,
Yb-163,11.05m,gamma,monoenergetic_electron,positron,xray,
Yb-164,75.8m,gamma,monoenergetic_electron,xray,,
Yb-165,9.9m,gamma,monoenergetic_electron,positron,xray,
Yb-166,56.7h,gamma,monoenergetic_electron,xray,,
Yb-167,17.5m,gamma,monoenergetic_electron,positron,xray,
Yb-169,32.026d,gamma,monoenergetic_electron,xray,,
Yb-175,4.185d,beta,gamma,monoenergetic_electron,xray,
Yb-177,1.911h,beta,gamma,monoenergetic_electron,xray,
Yb-178,74m,beta,gamma,monoenergetic_electron,xray,
Yb-179,8.0m,beta,gamma,monoenergetic_electron,xray,
Zn-60,2.38m,gamma,monoenergetic_electron,positron,xray,
Zn-61,89.1s,gamma,monoenergetic_electron,positron,xray,
Zn-62,9.186h,gamma,monoenergetic_electron,positron,xray,
Zn-63,38.47m,gamma,monoenergetic_electron,positron,xray,
Zn-65,244.06d,gamma,monoenergetic_electron,positron,xray,
Zn-69,56.4m,beta,gamma,monoenergetic_electron,xray,
Zn-69m,13.76h,beta,gamma,monoenergetic_electron,xray,
Zn-71,2.45m,beta,gamma,monoenergetic_electron,xray,
Zn-71m,3.96h,beta,gamma,monoenergetic_electron,xray,
Zn-72,46.5h,beta,gamma,monoenergetic_electron,xray,
Zr-85,7.86m,gamma,monoenergetic_electron,positron,xray,
Zr-86,16.5h,gamma,monoenergetic_electron,positron,xray,
Zr-87,1.68h,gamma,monoenergetic_electron,positron,xray,
Zr-88,83.4d,gamma,monoenergetic_electron,xray,,
Zr-89,78.41h,gamma,monoenergetic_electron,positron,xray,
Zr-89m,4.161m,gamma,monoenergetic_electron,positron,xray,
Zr-93,1.53E+6y,beta,,,,
Zr-95,64.032d,beta,gamma,monoenergetic_electron,xray,
Zr-97,16.744h,beta,gamma,monoenergetic_electron,xray,
