adrenal_gland_left,1,H -0.104 C -0.222 N -0.028 O -0.636 Na -0.001 P -0.002 S -0.003 Cl -0.002 K -0.002
adrenal_gland_right,1,H -0.104 C -0.222 N -0.028 O -0.636 Na -0.001 P -0.002 S -0.003 Cl -0.002 K -0.002
aorta,1.04,H -0.102 C -0.11 N -0.033 O -0.745 Na -0.001 P -0.001 S -0.002 Cl -0.003 K -0.002 Fe -0.001
atrial_appendage_left,1.04,H -0.102 C -0.11 N -0.033 O -0.745 Na -0.001 P -0.001 S -0.002 Cl -0.003 K -0.002 Fe -0.001
autochthon_left,1.02,H -0.102 C -0.142 N -0.034 O -0.711 Na -0.001 P -0.002 S -0.003 Cl -0.001 K -0.004
autochthon_right,1.02,H -0.102 C -0.142 N -0.034 O -0.711 Na -0.001 P -0.002 S -0.003 Cl -0.001 K -0.004
brachiocephalic_trunk,1.04,H -0.102 C -0.11 N -0.033 O -0.745 Na -0.001 P -0.001 S -0.002 Cl -0.003 K -0.002 Fe -0.001
brachiocephalic_vein_left,1.04,H -0.102 C -0.11 N -0.033 O -0.745 Na -0.001 P -0.001 S -0.002 Cl -0.003 K -0.002 Fe -0.001
brachiocephalic_vein_right,1.04,H -0.102 C -0.11 N -0.033 O -0.745 Na -0.001 P -0.001 S -0.002 Cl -0.003 K -0.002 Fe -0.001
brain,1.01,H -0.107 C -0.143 N -0.023 O -0.713 Na -0.002 P -0.004 S -0.002 Cl -0.003 K -0.003
bone,1.796,H -0.038 C -0.162 N -0.042 O -0.452 Na -0.003 Mg -0.002 P -0.091 S -0.003 Ca -0.207
clavicula_left,1.796,H -0.038 C -0.162 N -0.042 O -0.452 Na -0.003 Mg -0.002 P -0.091 S -0.003 Ca -0.207
clavicula_right,1.796,H -0.038 C -0.162 N -0.042 O -0.452 Na -0.003 Mg -0.002 P -0.091 S -0.003 Ca -0.207
colon,1.02,H -0.105 C -0.113 N -0.026 O -0.749 Na -0.001 P -0.001 S -0.001 Cl -0.003 K -0.001
common_carotid_artery_left,1.04,H -0.102 C -0.11 N -0.033 O -0.745 Na -0.001 P -0.001 S -0.002 Cl -0.003 K -0.002 Fe -0.001
common_carotid_artery_right,1.04,H -0.102 C -0.11 N -0.033 O -0.745 Na -0.001 P -0.001 S -0.002 Cl -0.003 K -0.002 Fe -0.001
costal_cartilages,1.08,H -0.096 C -0.099 N -0.022 O -0.744 Na -0.005 P -0.022 S -0.009 Cl -0.003
duodenum,1.02,H -0.105 C -0.113 N -0.026 O -0.749 Na -0.001 P -0.001 S -0.001 Cl -0.003 K -0.001
esophagus,1.02,H -0.104 C -0.212 N -0.029 O -0.645 Na -0.001 P -0.002 S -0.003 Cl -0.002 K -0.002
femur_left,1.796,H -0.038 C -0.162 N -0.042 O -0.452 Na -0.003 Mg -0.002 P -0.091 S -0.003 Ca -0.207
femur_right,1.796,H -0.038 C -0.162 N -0.042 O -0.452 Na -0.003 Mg -0.002 P -0.091 S -0.003 Ca -0.207
gallbladder,1.02,H -0.105 C -0.253 N -0.027 O -0.605 Na -0.001 P -0.002 S -0.003 Cl -0.002 K -0.002
gluteus_maximus_left,1.02,H -0.102 C -0.142 N -0.034 O -0.711 Na -0.001 P -0.002 S -0.003 Cl -0.001 K -0.004
gluteus_maximus_right,1.02,H -0.102 C -0.142 N -0.034 O -0.711 Na -0.001 P -0.002 S -0.003 Cl -0.001 K -0.004
gluteus_medius_left,1.02,H -0.102 C -0.142 N -0.034 O -0.711 Na -0.001 P -0.002 S -0.003 Cl -0.001 K -0.004
gluteus_medius_right,1.02,H -0.102 C -0.142 N -0.034 O -0.711 Na -0.001 P -0.002 S -0.003 Cl -0.001 K -0.004
gluteus_minimus_left,1.02,H -0.102 C -0.142 N -0.034 O -0.711 Na -0.001 P -0.002 S -0.003 Cl -0.001 K -0.004
gluteus_minimus_right,1.02,H -0.102 C -0.142 N -0.034 O -0.711 Na -0.001 P -0.002 S -0.003 Cl -0.001 K -0.004
heart,1.01,H -0.104 C -0.134 N -0.03 O -0.722 Na -0.001 P -0.002 S -0.002 Cl -0.002 K -0.003
hip_left,1.796,H -0.038 C -0.162 N -0.042 O -0.452 Na -0.003 Mg -0.002 P -0.091 S -0.003 Ca -0.207
hip_right,1.796,H -0.038 C -0.162 N -0.042 O -0.452 Na -0.003 Mg -0.002 P -0.091 S -0.003 Ca -0.207
humerus_left,1.796,H -0.038 C -0.162 N -0.042 O -0.452 Na -0.003 Mg -0.002 P -0.091 S -0.003 Ca -0.207
humerus_right,1.796,H -0.038 C -0.162 N -0.042 O -0.452 Na -0.003 Mg -0.002 P -0.091 S -0.003 Ca -0.207
iliac_artery_left,1.04,H -0.102 C -0.11 N -0.033 O -0.745 Na -0.001 P -0.001 S -0.002 Cl -0.003 K -0.002 Fe -0.001
iliac_artery_right,1.04,H -0.102 C -0.11 N -0.033 O -0.745 Na -0.001 P -0.001 S -0.002 Cl -0.003 K -0.002 Fe -0.001
iliac_vena_left,1.04,H -0.102 C -0.11 N -0.033 O -0.745 Na -0.001 P -0.001 S -0.002 Cl -0.003 K -0.002 Fe -0.001
iliac_vena_right,1.04,H -0.102 C -0.11 N -0.033 O -0.745 Na -0.001 P -0.001 S -0.002 Cl -0.003 K -0.002 Fe -0.001
iliopsoas_left,1.02,H -0.102 C -0.142 N -0.034 O -0.711 Na -0.001 P -0.002 S -0.003 Cl -0.001 K -0.004
iliopsoas_right,1.02,H -0.102 C -0.142 N -0.034 O -0.711 Na -0.001 P -0.002 S -0.003 Cl -0.001 K -0.004
inferior_vena_cava,1.04,H -0.102 C -0.11 N -0.033 O -0.745 Na -0.001 P -0.001 S -0.002 Cl -0.003 K -0.002 Fe -0.001
kidney_cyst_left,1.03,H -0.102 C -0.125 N -0.031 O -0.731 Na -0.002 P -0.002 S -0.002 Cl -0.002 K -0.002 Ca -0.001
kidney_cyst_right,1.03,H -0.102 C -0.125 N -0.031 O -0.731 Na -0.002 P -0.002 S -0.002 Cl -0.002 K -0.002 Ca -0.001
kidney_left,1.03,H -0.102 C -0.125 N -0.031 O -0.731 Na -0.002 P -0.002 S -0.002 Cl -0.002 K -0.002 Ca -0.001
kidney_right,1.03,H -0.102 C -0.125 N -0.031 O -0.731 Na -0.002 P -0.002 S -0.002 Cl -0.002 K -0.002 Ca -0.001
liver,1.054,H -0.102 C -0.128 N -0.031 O -0.727 Na -0.002 P -0.002 S -0.003 Cl -0.002 K -0.003
lung,0.26,H -0.103 C -0.108 N -0.032 O -0.747 Na -0.001 P -0.001 S -0.002 Cl -0.003 K -0.002 Fe -0.001
lung_lower_lobe_left,0.26,H -0.103 C -0.108 N -0.032 O -0.747 Na -0.001 P -0.001 S -0.002 Cl -0.003 K -0.002 Fe -0.001
lung_lower_lobe_right,0.26,H -0.103 C -0.108 N -0.032 O -0.747 Na -0.001 P -0.001 S -0.002 Cl -0.003 K -0.002 Fe -0.001
lung_middle_lobe_right,0.26,H -0.103 C -0.108 N -0.032 O -0.747 Na -0.001 P -0.001 S -0.002 Cl -0.003 K -0.002 Fe -0.001
lung_upper_lobe_left,0.26,H -0.103 C -0.108 N -0.032 O -0.747 Na -0.001 P -0.001 S -0.002 Cl -0.003 K -0.002 Fe -0.001
lung_upper_lobe_right,0.26,H -0.103 C -0.108 N -0.032 O -0.747 Na -0.001 P -0.001 S -0.002 Cl -0.003 K -0.002 Fe -0.001
pancreas,1.03,H -0.105 C -0.154 N -0.025 O -0.707 Na -0.002 P -0.002 S -0.001 Cl -0.002 K -0.002
portal_vein_and_splenic_vein,1.04,H -0.102 C -0.11 N -0.033 O -0.745 Na -0.001 P -0.001 S -0.002 Cl -0.003 K -0.002 Fe -0.001
prostate,1.04,H -0.105 C -0.253 N -0.027 O -0.605 Na -0.001 P -0.002 S -0.003 Cl -0.002 K -0.002
pulmonary_vein,1.04,H -0.102 C -0.11 N -0.033 O -0.745 Na -0.001 P -0.001 S -0.002 Cl -0.003 K -0.002 Fe -0.001
rib_left_1,1.796,H -0.038 C -0.162 N -0.042 O -0.452 Na -0.003 Mg -0.002 P -0.091 S -0.003 Ca -0.207
rib_left_10,1.796,H -0.038 C -0.162 N -0.042 O -0.452 Na -0.003 Mg -0.002 P -0.091 S -0.003 Ca -0.207
rib_left_11,1.796,H -0.038 C -0.162 N -0.042 O -0.452 Na -0.003 Mg -0.002 P -0.091 S -0.003 Ca -0.207
rib_left_12,1.796,H -0.038 C -0.162 N -0.042 O -0.452 Na -0.003 Mg -0.002 P -0.091 S -0.003 Ca -0.207
rib_left_2,1.796,H -0.038 C -0.162 N -0.042 O -0.452 Na -0.003 Mg -0.002 P -0.091 S -0.003 Ca -0.207
rib_left_3,1.796,H -0.038 C -0.162 N -0.042 O -0.452 Na -0.003 Mg -0.002 P -0.091 S -0.003 Ca -0.207
rib_left_4,1.796,H -0.038 C -0.162 N -0.042 O -0.452 Na -0.003 Mg -0.002 P -0.091 S -0.003 Ca -0.207
rib_left_5,1.796,H -0.038 C -0.162 N -0.042 O -0.452 Na -0.003 Mg -0.002 P -0.091 S -0.003 Ca -0.207
rib_left_6,1.796,H -0.038 C -0.162 N -0.042 O -0.452 Na -0.003 Mg -0.002 P -0.091 S -0.003 Ca -0.207
rib_left_7,1.796,H -0.038 C -0.162 N -0.042 O -0.452 Na -0.003 Mg -0.002 P -0.091 S -0.003 Ca -0.207
rib_left_8,1.796,H -0.038 C -0.162 N -0.042 O -0.452 Na -0.003 Mg -0.002 P -0.091 S -0.003 Ca -0.207
rib_left_9,1.796,H -0.038 C -0.162 N -0.042 O -0.452 Na -0.003 Mg -0.002 P -0.091 S -0.003 Ca -0.207
rib_right_1,1.796,H -0.038 C -0.162 N -0.042 O -0.452 Na -0.003 Mg -0.002 P -0.091 S -0.003 Ca -0.207
rib_right_10,1.796,H -0.038 C -0.162 N -0.042 O -0.452 Na -0.003 Mg -0.002 P -0.091 S -0.003 Ca -0.207
rib_right_11,1.796,H -0.038 C -0.162 N -0.042 O -0.452 Na -0.003 Mg -0.002 P -0.091 S -0.003 Ca -0.207
rib_right_12,1.796,H -0.038 C -0.162 N -0.042 O -0.452 Na -0.003 Mg -0.002 P -0.091 S -0.003 Ca -0.207
rib_right_2,1.796,H -0.038 C -0.162 N -0.042 O -0.452 Na -0.003 Mg -0.002 P -0.091 S -0.003 Ca -0.207
rib_right_3,1.796,H -0.038 C -0.162 N -0.042 O -0.452 Na -0.003 Mg -0.002 P -0.091 S -0.003 Ca -0.207
rib_right_4,1.796,H -0.038 C -0.162 N -0.042 O -0.452 Na -0.003 Mg -0.002 P -0.091 S -0.003 Ca -0.207
rib_right_5,1.796,H -0.038 C -0.162 N -0.042 O -0.452 Na -0.003 Mg -0.002 P -0.091 S -0.003 Ca -0.207
rib_right_6,1.796,H -0.038 C -0.162 N -0.042 O -0.452 Na -0.003 Mg -0.002 P -0.091 S -0.003 Ca -0.207
rib_right_7,1.796,H -0.038 C -0.162 N -0.042 O -0.452 Na -0.003 Mg -0.002 P -0.091 S -0.003 Ca -0.207
rib_right_8,1.796,H -0.038 C -0.162 N -0.042 O -0.452 Na -0.003 Mg -0.002 P -0.091 S -0.003 Ca -0.207
rib_right_9,1.796,H -0.038 C -0.162 N -0.042 O -0.452 Na -0.003 Mg -0.002 P -0.091 S -0.003 Ca -0.207
sacrum,1.796,H -0.038 C -0.162 N -0.042 O -0.452 Na -0.003 Mg -0.002 P -0.091 S -0.003 Ca -0.207
scapula_left,1.796,H -0.038 C -0.162 N -0.042 O -0.452 Na -0.003 Mg -0.002 P -0.091 S -0.003 Ca -0.207
scapula_right,1.796,H -0.038 C -0.162 N -0.042 O -0.452 Na -0.003 Mg -0.002 P -0.091 S -0.003 Ca -0.207
skull,1.796,H -0.038 C -0.162 N -0.042 O -0.452 Na -0.003 Mg -0.002 P -0.091 S -0.003 Ca -0.207
small_bowel,1.02,H -0.105 C -0.113 N -0.026 O -0.749 Na -0.001 P -0.001 S -0.001 Cl -0.003 K -0.001
spinal_cord,1.01,H -0.105 C -0.253 N -0.027 O -0.605 Na -0.001 P -0.002 S -0.003 Cl -0.002 K -0.002
soft_tissue,0.933,H -0.111 C -0.486 N -0.012 O -0.385 Na -0.001 P -0.002 S -0.002 Cl -0.001
spleen,1.04,H -0.103 C -0.112 N -0.032 O -0.743 Na -0.001 P -0.002 S -0.002 Cl -0.002 K -0.003
sternum,1.796,H -0.038 C -0.162 N -0.042 O -0.452 Na -0.003 Mg -0.002 P -0.091 S -0.003 Ca -0.207
stomach,1.03,H -0.105 C -0.114 N -0.026 O -0.749 Na -0.001 P -0.001 S -0.001 Cl -0.002 K -0.001
subclavian_artery_left,1.04,H -0.102 C -0.11 N -0.033 O -0.745 Na -0.001 P -0.001 S -0.002 Cl -0.003 K -0.002 Fe -0.001
subclavian_artery_right,1.04,H -0.102 C -0.11 N -0.033 O -0.745 Na -0.001 P -0.001 S -0.002 Cl -0.003 K -0.002 Fe -0.001
superior_vena_cava,1.04,H -0.102 C -0.11 N -0.033 O -0.745 Na -0.001 P -0.001 S -0.002 Cl -0.003 K -0.002 Fe -0.001
thyroid_gland,1.03,H -0.104 C -0.117 N -0.026 O -0.745 Na -0.002 P -0.001 S -0.001 Cl -0.002 K -0.001 I -0.001
trachea,1.06,H -0.105 C -0.253 N -0.027 O -0.605 Na -0.001 P -0.002 S -0.003 Cl -0.002 K -0.002
urinary_bladder,1,H -0.107 C -0.003 N -0.01 O -0.873 Na -0.004 P -0.001 K -0.002
vertebrae_C1,1.796,H -0.038 C -0.162 N -0.042 O -0.452 Na -0.003 Mg -0.002 P -0.091 S -0.003 Ca -0.207
vertebrae_C2,1.796,H -0.038 C -0.162 N -0.042 O -0.452 Na -0.003 Mg -0.002 P -0.091 S -0.003 Ca -0.207
vertebrae_C3,1.796,H -0.038 C -0.162 N -0.042 O -0.452 Na -0.003 Mg -0.002 P -0.091 S -0.003 Ca -0.207
vertebrae_C4,1.796,H -0.038 C -0.162 N -0.042 O -0.452 Na -0.003 Mg -0.002 P -0.091 S -0.003 Ca -0.207
vertebrae_C5,1.796,H -0.038 C -0.162 N -0.042 O -0.452 Na -0.003 Mg -0.002 P -0.091 S -0.003 Ca -0.207
vertebrae_C6,1.796,H -0.038 C -0.162 N -0.042 O -0.452 Na -0.003 Mg -0.002 P -0.091 S -0.003 Ca -0.207
vertebrae_C7,1.796,H -0.038 C -0.162 N -0.042 O -0.452 Na -0.003 Mg -0.002 P -0.091 S -0.003 Ca -0.207
vertebrae_L1,1.796,H -0.038 C -0.162 N -0.042 O -0.452 Na -0.003 Mg -0.002 P -0.091 S -0.003 Ca -0.207
vertebrae_L2,1.796,H -0.038 C -0.162 N -0.042 O -0.452 Na -0.003 Mg -0.002 P -0.091 S -0.003 Ca -0.207
vertebrae_L3,1.796,H -0.038 C -0.162 N -0.042 O -0.452 Na -0.003 Mg -0.002 P -0.091 S -0.003 Ca -0.207
vertebrae_L4,1.796,H -0.038 C -0.162 N -0.042 O -0.452 Na -0.003 Mg -0.002 P -0.091 S -0.003 Ca -0.207
vertebrae_L5,1.796,H -0.038 C -0.162 N -0.042 O -0.452 Na -0.003 Mg -0.002 P -0.091 S -0.003 Ca -0.207
vertebrae_S1,1.796,H -0.038 C -0.162 N -0.042 O -0.452 Na -0.003 Mg -0.002 P -0.091 S -0.003 Ca -0.207
vertebrae_T1,1.796,H -0.038 C -0.162 N -0.042 O -0.452 Na -0.003 Mg -0.002 P -0.091 S -0.003 Ca -0.207
vertebrae_T10,1.796,H -0.038 C -0.162 N -0.042 O -0.452 Na -0.003 Mg -0.002 P -0.091 S -0.003 Ca -0.207
vertebrae_T11,1.796,H -0.038 C -0.162 N -0.042 O -0.452 Na -0.003 Mg -0.002 P -0.091 S -0.003 Ca -0.207
vertebrae_T12,1.796,H -0.038 C -0.162 N -0.042 O -0.452 Na -0.003 Mg -0.002 P -0.091 S -0.003 Ca -0.207
vertebrae_T2,1.796,H -0.038 C -0.162 N -0.042 O -0.452 Na -0.003 Mg -0.002 P -0.091 S -0.003 Ca -0.207
vertebrae_T3,1.796,H -0.038 C -0.162 N -0.042 O -0.452 Na -0.003 Mg -0.002 P -0.091 S -0.003 Ca -0.207
vertebrae_T4,1.796,H -0.038 C -0.162 N -0.042 O -0.452 Na -0.003 Mg -0.002 P -0.091 S -0.003 Ca -0.207
vertebrae_T5,1.796,H -0.038 C -0.162 N -0.042 O -0.452 Na -0.003 Mg -0.002 P -0.091 S -0.003 Ca -0.207
vertebrae_T6,1.796,H -0.038 C -0.162 N -0.042 O -0.452 Na -0.003 Mg -0.002 P -0.091 S -0.003 Ca -0.207
vertebrae_T7,1.796,H -0.038 C -0.162 N -0.042 O -0.452 Na -0.003 Mg -0.002 P -0.091 S -0.003 Ca -0.207
vertebrae_T8,1.796,H -0.038 C -0.162 N -0.042 O -0.452 Na -0.003 Mg -0.002 P -0.091 S -0.003 Ca -0.207
vertebrae_T9,1.796,H -0.038 C -0.162 N -0.042 O -0.452 Na -0.003 Mg -0.002 P -0.091 S -0.003 Ca -0.207
water,1,H 2 O 1
tumor,1.02,H -0.102 C -0.142 N -0.034 O -0.711 Na -0.001 P -0.002 S -0.003 Cl -0.001 K -0.004
lesion,1.02,H -0.102 C -0.142 N -0.034 O -0.711 Na -0.001 P -0.002 S -0.003 Cl -0.001 K -0.004
